GroupID,Plant,Name,Storage,Pad,ImageLinks
600000,1,"Acer japonicum 'Aconitifolium' H650-700/B550-600",BPJ,Q04,
600000,22,"Acer japonicum 'Aconitifolium' H350-400/B350-400",BPJ,Q06,
600000,2,"Acer japonicum 'Aconitifolium' H400-450/B550-600",BPJ,Q07,
600000,3,"Acer japonicum 'Aconitifolium' H400-450/B350-400",BPJ,Q07,
600000,4,"Acer japonicum 'Aconitifolium' H450-500/B600-650",BPJ,Q07,
600000,5,"Acer japonicum 'Aconitifolium' H700-750/B600-650",BPJ,Q09,
600000,7,"Acer japonicum 'Aconitifolium' H250-300/B300-350",BPJ,Q10,
600000,8,"Acer japonicum 'Aconitifolium' H400-450/B500-550",BPJ,Q10,
600000,9,"Acer japonicum 'Aconitifolium' H250-300/B300-400",BPJ,Q12,
600000,10,"Acer japonicum 'Aconitifolium' H450-500/B500-600",BPJ,Q20,
600000,13,"Acer japonicum 'Aconitifolium' H200-250/B200-250",BPJ,Q22,
600000,14,"Acer japonicum 'Aconitifolium' H250-300/B250-300",BPJ,Q22,
600000,15,"Acer japonicum 'Aconitifolium' H400-450/B400-500",BPJ,Q23,
600000,17,"Acer japonicum 'Aconitifolium' H200-250/B300-400",BPJ,Q26,
600000,19,"Acer japonicum 'Aconitifolium' H350-400/B200-300",BPJ,Q27,
600000,18,"Acer japonicum 'Aconitifolium' H350-400/B300-400",BPJ,Q31,
600001,1,"Acer palmatum 'Oridono Nishiki' H300-350/B250-300",BPJ,Q27,
600001,2,"Acer palmatum 'Oridono Nishiki' H350-400/B200-250",BPJ,Q27,
600001,3,"Acer palmatum 'Oridono Nishiki' H350-400/B200-250",BPJ,Q27,
600002,3,"Acer dissectum 'Crimson Queen' H150-200/B250-300",BPJ,Q26,
600003,5,"Acer palmatum 'Dissectum Palmatifidium' H80-100/B150-175",BPJ,Q31,
600004,2,"Acer japonicum 'Vitifolium' H250-300/B200-250",BPJ,Q18,
600005,1,"Acer palmatum 'Green Seed' H450-500/B250-300",BPJ,Q01,
600005,18,"Acer palmatum 'Green Seed' H300-350/B300-350",BPJ,Q01,
600005,29,"Acer palmatum 'Green Seed' H400-450/B350-400",BPJ,Q01,
600005,2,"Acer palmatum 'Green Seed' H400-450/B300-350",BPJ,Q02,
600005,30,"Acer palmatum 'Green Seed' H350-400/B175-200",BPJ,Q02,
600005,31,"Acer palmatum 'Green Seed' H350-400/B300-350",BPJ,Q03,
600005,32,"Acer palmatum 'Green Seed' H350-400/B300-350",BPJ,Q03,
600005,33,"Acer palmatum 'Green Seed' H400-450/B350-400",BPJ,Q04,
600005,4,"Acer palmatum 'Green Seed' H400-450/B300-350",BPJ,Q05,
600005,6,"Acer palmatum 'Green Seed' H450-500/B250-300",BPJ,Q06,
600005,19,"Acer palmatum 'Green Seed' H300-350/B175-200",BPJ,Q06,
600005,8,"Acer palmatum 'Green Seed' H450-500/B250-300",BPJ,Q07,
600005,9,"Acer palmatum 'Green Seed' H450-500/B250-300",BPJ,Q07,
600005,13,"Acer palmatum 'Green Seed' H400-450/B250-300",BPJ,Q14,
600005,14,"Acer palmatum 'Green Seed' H400-450/B300-400",BPJ,Q14,
600005,15,"Acer palmatum 'Green Seed' H500-600/B250-300",BPJ,Q16,
600005,20,"Acer palmatum 'Green Seed' H250-300/B250-300",BPJ,Q16,
600005,21,"Acer palmatum 'Green Seed' H250-300/B150-200",BPJ,Q17,
600005,22,"Acer palmatum 'Green Seed' H250-300/B100-150",BPJ,Q17,
600005,23,"Acer palmatum 'Green Seed' H250-300/B100-150",BPJ,Q19,
600005,24,"Acer palmatum 'Green Seed' H200-250/B100-150",BPJ,Q20,
600005,25,"Acer palmatum 'Green Seed' H150-200/B100-150",BPJ,Q20,
600005,26,"Acer palmatum 'Green Seed' H200-250/B100-150",BPJ,Q21,
600005,27,"Acer palmatum 'Green Seed' H200-250/B200-250",BPJ,Q22,
600005,28,"Acer palmatum 'Green Seed' H200-250/B100-150",BPJ,Q24,
600007,151,"Acer palmatum H400-450/B300-400",BPJ,,
600007,2,"Acer palmatum H450-500/B300-350",BPJ,Q01,
600007,58,"Acer palmatum H350-400/B250-300",BPJ,Q01,
600007,143,"Acer palmatum H600-700/B600-700",BPJ,Q01,
600007,144,"Acer palmatum H550-600/B500-600",BPJ,Q01,
600007,211,"Acer palmatum H200-250/B150-200",BPJ,Q01,
600007,4,"Acer palmatum H550-600/B500-550",BPJ,Q02,
600007,7,"Acer palmatum H450-500/B300-350",BPJ,Q02,
600007,110,"Acer palmatum H300-350/B250-300",BPJ,Q02,
600007,8,"Acer palmatum H450-500/B500-550",BPJ,Q03,
600007,9,"Acer palmatum H400-450/B300-350",BPJ,Q03,
600007,10,"Acer palmatum H400-450/B300-350",BPJ,Q03,
600007,12,"Acer palmatum H450-500/B400-500",BPJ,Q03,
600007,213,"Acer palmatum H450-500/B450-500",BPJ,Q03,
600007,15,"Acer palmatum H500-600/B300-350",BPJ,Q04,
600007,21,"Acer palmatum H500-600/B400-500",BPJ,Q04,
600007,47,"Acer palmatum H500-600/B400-500",BPJ,Q04,
600007,146,"Acer palmatum H700-750/B600-650",BPJ,Q04,
600007,147,"Acer palmatum H700-800/B600-700",BPJ,Q04,
600007,162,"Acer palmatum H500-600/B500-600",BPJ,Q04,
600007,22,"Acer palmatum H800-900/B700-800",BPJ,Q05,
600007,23,"Acer palmatum H600-700/B700-800",BPJ,Q05,
600007,148,"Acer palmatum H350-400/B300-400",BPJ,Q05,
600007,217,"Acer palmatum H350-400/B250-300",BPJ,Q05,
600007,25,"Acer palmatum H350-400/B300-400",BPJ,Q06,
600007,26,"Acer palmatum H350-400/B350-400",BPJ,Q06,
600007,29,"Acer palmatum H400-450/B300-350",BPJ,Q06,
600007,31,"Acer palmatum H550-600/B500-600",BPJ,Q07,
600007,32,"Acer palmatum H450-500/B300-400",BPJ,Q07,
600007,33,"Acer palmatum H350-400/B300-400",BPJ,Q07,
600007,34,"Acer palmatum H450-500/B300-400",BPJ,Q07,
600007,35,"Acer palmatum H500-550/B650-700",BPJ,Q07,
600007,36,"Acer palmatum H500-550/B400-450",BPJ,Q07,
600007,149,"Acer palmatum H650-700/B600-650",BPJ,Q07,
600007,195,"Acer palmatum H300-350/B250-300",BPJ,Q07,
600007,39,"Acer palmatum H900-1000/B1000-1100",BPJ,Q08,
600007,40,"Acer palmatum H600-700/B700-800",BPJ,Q08,
600007,41,"Acer palmatum H600-650/B600-700",BPJ,Q08,
600007,196,"Acer palmatum H250-300/B300-350",BPJ,Q08,
600007,42,"Acer palmatum H550-600/B650-700",BPJ,Q09,
600007,43,"Acer palmatum H450-500/B450-500",BPJ,Q09,
600007,15,"Acer palmatum H500-600/B300-350",BPJ,Q1,
600007,215,"Acer palmatum H400-450/B350-400",BPJ,Q1,
600007,45,"Acer palmatum H350-400/B300-400",BPJ,Q10,
600007,46,"Acer palmatum H400-500/B400-500",BPJ,Q10,
600007,48,"Acer palmatum H400-450/B300-400",BPJ,Q10,
600007,51,"Acer palmatum H500-600/B600-800",BPJ,Q10,
600007,52,"Acer palmatum H400-450/B250-300",BPJ,Q10,
600007,53,"Acer palmatum H500-600/B500-600",BPJ,Q10,
600007,55,"Acer palmatum H350-400/B250-300",BPJ,Q10,
600007,71,"Acer palmatum H500-600/B400-500",BPJ,Q10,
600007,87,"Acer palmatum H400-450/B400-500",BPJ,Q10,
600007,152,"Acer palmatum H350-400/B450-500",BPJ,Q10,
600007,174,"Acer palmatum H450-500/B350-400",BPJ,Q10,
600007,197,"Acer palmatum H350-400/B350-400",BPJ,Q10,
600007,198,"Acer palmatum H300-350/B300-350",BPJ,Q10,
600007,199,"Acer palmatum H550-600/B450-500",BPJ,Q10,
600007,200,"Acer palmatum H300-350/B300-350",BPJ,Q10,
600007,56,"Acer palmatum H500-600/B600-800",BPJ,Q11,
600007,114,"Acer palmatum H500-600/B450-500",BPJ,Q11,
600007,59,"Acer palmatum H450-500/B300-400",BPJ,Q13,
600007,60,"Acer palmatum H500-600/B500-600",BPJ,Q13,
600007,61,"Acer palmatum H500-600/B500-600",BPJ,Q13,
600007,65,"Acer palmatum H400-450/B500-600",BPJ,Q14,
600007,66,"Acer palmatum H350-400/B400-500",BPJ,Q14,
600007,67,"Acer palmatum H500-600/B600-800",BPJ,Q14,
600007,153,"Acer palmatum H550-600/B550-600",BPJ,Q14,
600007,154,"Acer palmatum H650-700/B600-700",BPJ,Q14,
600007,155,"Acer palmatum H550-600/B550-600",BPJ,Q14,
600007,72,"Acer palmatum H400-450/B400-500",BPJ,Q15,
600007,74,"Acer palmatum H600-700/B500-600",BPJ,Q15,
600007,75,"Acer palmatum H600-700/B500-600",BPJ,Q15,
600007,76,"Acer palmatum H500-600/B600-700",BPJ,Q15,
600007,77,"Acer palmatum H700-800/B700-800",BPJ,Q15,
600007,202,"Acer palmatum H200-250/B150-200",BPJ,Q16,
600007,79,"Acer palmatum H350-400/B200-300",BPJ,Q17,
600007,80,"Acer palmatum H400-450/B250-300",BPJ,Q17,
600007,165,"Acer palmatum H200-250/B150-200",BPJ,Q17,"/uploads/1727872667548.jpg,/uploads/1727872669346.jpg,/uploads/1727872671859.jpg"
600007,166,"Acer palmatum H150-200/B150-200",BPJ,Q17,
600007,203,"Acer palmatum H350-400/B175-200",BPJ,Q17,
600007,204,"Acer palmatum H350-400/B125-150",BPJ,Q17,
600007,205,"Acer palmatum H200-250/B100-125",BPJ,Q17,
600007,206,"Acer palmatum H350-400/B175-200",BPJ,Q17,
600007,83,"Acer palmatum H250-300/B300-400",BPJ,Q18,
600007,84,"Acer palmatum H500-600/B450-500",BPJ,Q18,
600007,207,"Acer palmatum H350-400/B125-150",BPJ,Q18,
600007,85,"Acer palmatum H350-400/B300-400",BPJ,Q19,
600007,86,"Acer palmatum H400-450/B400-500",BPJ,Q19,
600007,88,"Acer palmatum H400-450/B250-300",BPJ,Q19,
600007,54,"Acer palmatum H450-500/B300-350",BPJ,Q2,
600007,214,"Acer palmatum H400-450/B300--350",BPJ,Q2,
600007,90,"Acer palmatum H400-450/B300-400",BPJ,Q20,
600007,91,"Acer palmatum H500-600/B400-500",BPJ,Q20,
600007,181,"Acer palmatum H175-200/B125-150",BPJ,Q20,
600007,182,"Acer palmatum H175-200/B125-150",BPJ,Q20,
600007,192,"Acer palmatum H550-600/B500-600",BPJ,Q20,
600007,93,"Acer palmatum H350-400/B300-400",BPJ,Q21,
600007,94,"Acer palmatum H300-350/B200-300",BPJ,Q21,
600007,95,"Acer palmatum H450-500/B300-400",BPJ,Q21,
600007,96,"Acer palmatum H500-600/B300-400",BPJ,Q21,
600007,97,"Acer palmatum H300-350/B250-300",BPJ,Q21,
600007,180,"Acer palmatum H150-200/B100-150",BPJ,Q21,
600007,100,"Acer palmatum H500-600/B600-700",BPJ,Q22,
600007,101,"Acer palmatum H400-450/B500-600",BPJ,Q22,
600007,190,"Acer palmatum H500-600/B500-600",BPJ,Q23,
600007,201,"Acer palmatum H400-450/B300-350",BPJ,Q23,
600007,105,"Acer palmatum H600-700/B600-800",BPJ,Q26,
600007,106,"Acer palmatum H300-350/B300-400",BPJ,Q26,
600007,160,"Acer palmatum H600-700/B600-800",BPJ,Q26,
600007,167,"Acer palmatum H150-200/B150-200",BPJ,Q27,
600007,168,"Acer palmatum H250-300/B100-150",BPJ,Q27,""
600007,183,"Acer palmatum H175-200/B125-150",BPJ,Q27,
600007,184,"Acer palmatum H175-200/B125-150",BPJ,Q27,
600007,185,"Acer palmatum H175-200/B125-150",BPJ,Q27,
600007,186,"Acer palmatum H175-200/B125-150",BPJ,Q27,
600007,187,"Acer palmatum H175-200/B125-150",BPJ,Q27,
600007,169,"Acer palmatum H200-250/B150-200",BPJ,Q28,
600007,170,"Acer palmatum H200-250/B150-200",BPJ,Q28,
600007,171,"Acer palmatum H200-250/B150-200",BPJ,Q28,
600007,172,"Acer palmatum H200-250/B100-150",BPJ,Q28,
600007,173,"Acer palmatum H200-250/B100-150",BPJ,Q28,
600007,188,"Acer palmatum H175-200/B125-150",BPJ,Q28,
600007,178,"Acer palmatum H350-400/B200-250",BPJ,Q29,
600007,179,"Acer palmatum H400-450/B150-200",BPJ,Q29,
600007,193,"Acer palmatum H450-500/B400-450",BPJ,Q29,
600007,174,"Acer palmatum H450-500/B350-400",BPJ,Q3,
600007,216,"Acer palmatum H450-500/B300-350",BPJ,Q3,
600007,121,"Acer palmatum H200-250/B200-250",BPJ,Q31,
600007,125,"Acer palmatum H300-350/B400-500",BPJ,Q31,
600007,126,"Acer palmatum H300-350/B400-500",BPJ,Q31,
600007,127,"Acer palmatum H300-350/B250-300",BPJ,Q31,
600007,128,"Acer palmatum H300-350/B300-400",BPJ,Q31,
600007,129,"Acer palmatum H300-350/B200-300",BPJ,Q31,
600007,131,"Acer palmatum H300-350/B200-300",BPJ,Q31,
600007,132,"Acer palmatum H350-400/B300-400",BPJ,Q31,
600007,133,"Acer palmatum H400-450/B250-300",BPJ,Q31,
600007,134,"Acer palmatum H450-500/B250-300",BPJ,Q31,
600007,135,"Acer palmatum H500-600/B400-500",BPJ,Q31,
600007,137,"Acer palmatum H400-450/B250-300",BPJ,Q31,
600007,191,"Acer palmatum H500-600/B500-600",BPJ,Q31,
600007,194,"Acer palmatum H450-500/B400-450",BPJ,Q31,
600008,2,"Acer palmatum 'Deshojo' H300-350/B200-250",BPJ,Q21,
600009,1,"Nothofagus antarctica H300-350/B500-550",BPJ,Q12,
600010,3,"Pinus densiflora 'Umbraculifera' H200-225/B200-250",BPJ,Q26,
600010,4,"Pinus densiflora 'Umbraculifera' H250-275/B250-300",BPJ,Q26,
600010,5,"Pinus densiflora 'Umbraculifera' H300-350/B300-350",BPJ,Q26,
600011,1,"Acer palmatum 'Atropurpureum' H400-450/B200-250",BPJ,Q01,
600011,2,"Acer palmatum 'Atropurpureum' H350-400/B200-250",BPJ,Q02,
600011,3,"Acer palmatum 'Atropurpureum' H350-400/B200-250",BPJ,Q03,
600011,4,"Acer palmatum 'Atropurpureum' H400-450/B300-350",BPJ,Q04,
600011,29,"Acer palmatum 'Atropurpureum' H350-400/B250-300",BPJ,Q04,
600011,5,"Acer palmatum 'Atropurpureum' H200-250/B250-300",BPJ,Q05,
600011,6,"Acer palmatum 'Atropurpureum' H300-350/B200-250",BPJ,Q07,
600011,24,"Acer palmatum 'Atropurpureum' H250-300/B250-300",BPJ,Q09,
600011,7,"Acer palmatum 'Atropurpureum' H250-300/B200-250",BPJ,Q10,
600011,8,"Acer palmatum 'Atropurpureum' H400-450/B400-500",BPJ,Q10,
600011,26,"Acer palmatum 'Atropurpureum' H450-500/B300-350",BPJ,Q10,
600011,22,"Acer palmatum 'Atropurpureum' H300-400/B200-250",BPJ,Q13,
600011,27,"Acer palmatum 'Atropurpureum' H450-500/B200-250",BPJ,Q13,
600011,10,"Acer palmatum 'Atropurpureum' H600-700/B500-600",BPJ,Q14,
600011,11,"Acer palmatum 'Atropurpureum' H600-700/B600-800",BPJ,Q14,
600011,12,"Acer palmatum 'Atropurpureum' H300-350/B250-300",BPJ,Q14,
600011,13,"Acer palmatum 'Atropurpureum' H200-250/B150-200",BPJ,Q15,
600011,14,"Acer palmatum 'Atropurpureum' H450-500/B300-350",BPJ,Q16,
600011,15,"Acer palmatum 'Atropurpureum' H400-500/B400-500",BPJ,Q17,
600011,25,"Acer palmatum 'Atropurpureum' H400-500/B450-500",BPJ,Q17,
600011,16,"Acer palmatum 'Atropurpureum' H250-300/B250-300",BPJ,Q18,
600011,17,"Acer palmatum 'Atropurpureum' H600-700/B600-800",BPJ,Q18,
600011,28,"Acer palmatum 'Atropurpureum' H400-500/B250-300",BPJ,Q18,
600011,18,"Acer palmatum 'Atropurpureum' H300-350/B200-250",BPJ,Q21,
600011,19,"Acer palmatum 'Atropurpureum' H200-250/B300-350",BPJ,Q21,
600011,20,"Acer palmatum 'Atropurpureum' H600-700/B500-600",BPJ,Q26,
600011,21,"Acer palmatum 'Atropurpureum' H350-400/B250-300",BPJ,Q26,
600011,30,"Acer palmatum 'Atropurpureum' H500-600/B500-600",BPJ,Q26,
600011,31,"Acer palmatum 'Atropurpureum' H450-500/B350-400",BPJ,Q31,
600012,1,"Acer palmatum 'Red Flash' H250-300/B200-250",BPJ,Q02,
600012,3,"Acer palmatum 'Red Flash' H200-250/B100-150",BPJ,Q03,
600012,5,"Acer palmatum 'Red Flash' H300-350/B250-300",BPJ,Q07,
600012,6,"Acer palmatum 'Red Flash' H250-300/B200-250",BPJ,Q10,
600013,1,"Acer palmatum 'Suminagashi' H350-400/B350-400",BPJ,Q02,
600013,2,"Acer palmatum 'Suminagashi' H350-400/B200-250",BPJ,Q04,
600013,3,"Acer palmatum 'Suminagashi' H350-400/B250-300",BPJ,Q05,
600013,4,"Acer palmatum 'Suminagashi' H350-400/B250-300",BPJ,Q09,
600014,5,"Acer japonicum 'Maiku Jaku' H150-175/B150-200",BPJ,Q05,
600014,8,"Acer japonicum 'Maiku Jaku' H150-175/B150-200",BPJ,Q26,
600014,9,"Acer japonicum 'Maiku Jaku' H150-175/B150-200",BPJ,Q28,
600016,5,"Acer palmatum 'Chitoseyama' H350-400/B250-300",BPJ,Q04,
600016,6,"Acer palmatum 'Chitoseyama' H250-300/B150-200",BPJ,Q05,
600016,7,"Acer palmatum 'Chitoseyama' H350-400/B300-350",BPJ,Q06,
600017,1,"Acer palmatum 'Burgundy Lace' H450-500/B250-300",BPJ,Q01,
600017,2,"Acer palmatum 'Burgundy Lace' H400-450/250-300",BPJ,Q01,
600017,5,"Acer palmatum 'Burgundy Lace' H350-400/B250-300",BPJ,Q05,
600017,6,"Acer palmatum 'Burgundy Lace' H350-400/B200-250",BPJ,Q10,
600017,7,"Acer palmatum 'Burgundy Lace' H250-300/B200-250",BPJ,Q10,
600017,8,"Acer palmatum 'Burgundy Lace' H250-300/B150-200",BPJ,Q11,
600017,9,"Acer palmatum 'Burgundy Lace' H250-300/B150-200",BPJ,Q11,
600017,11,"Acer palmatum 'Burgundy Lace' H250-300/B150-200",BPJ,Q13,
600018,2,"Acer palmatum 'Hyuga Yama' H400-450/B250-300",BPJ,Q01,
600018,4,"Acer palmatum 'Hyuga Yama' H400-450/B250-300",BPJ,Q01,
600018,7,"Acer palmatum 'Hyuga Yama' H400-450/B250-300",BPJ,Q05,
600018,5,"Acer palmatum 'Hyuga Yama' H400-450/B350-400",BPJ,Q06,
600018,6,"Acer palmatum 'Hyuga Yama' H450-500/B350-400",BPJ,Q12,
600020,1,"Acer palmatum 'Harusame' H400-450/B200-250",BPJ,Q14,
600021,30,"Acer palmatum 'Bloodgood' H400-450/B300-400",BPJ,,
600021,2,"Acer palmatum 'Bloodgood' H125-150/B100-150",BPJ,Q01,
600021,56,"Acer palmatum 'Bloodgood' H450-500/B400-450",BPJ,Q01,
600021,3,"Acer palmatum 'Bloodgood' H400-450/B250-300",BPJ,Q02,
600021,4,"Acer palmatum 'Bloodgood' H450-500/B200-250",BPJ,Q02,
600021,6,"Acer palmatum 'Bloodgood' H300-350/B300-350",BPJ,Q03,
600021,8,"Acer palmatum 'Bloodgood' H200-250/B100-150",BPJ,Q03,
600021,10,"Acer palmatum 'Bloodgood' H250-300/B150-200",BPJ,Q04,
600021,11,"Acer palmatum 'Bloodgood' H300-350/B100-150",BPJ,Q04,
600021,12,"Acer palmatum 'Bloodgood' H300-350/B150-200",BPJ,Q04,
600021,13,"Acer palmatum 'Bloodgood' H400-450/B250-300",BPJ,Q05,
600021,14,"Acer palmatum 'Bloodgood' H250-300/B150-200",BPJ,Q05,
600021,15,"Acer palmatum 'Bloodgood' H350-400/B200-250",BPJ,Q06,
600021,61,"Acer palmatum 'Bloodgood' H500-600/B300-400",BPJ,Q06,
600021,51,"Acer palmatum 'Bloodgood' H250-300/B250-300",BPJ,Q07,
600021,20,"Acer palmatum 'Bloodgood' H400-450/B250-300",BPJ,Q08,
600021,22,"Acer palmatum 'Bloodgood' H250-300/B250-300",BPJ,Q09,
600021,24,"Acer palmatum 'Bloodgood' H250-300/B250-300",BPJ,Q09,
600021,25,"Acer palmatum 'Bloodgood' H250-300/B250-300",BPJ,Q10,
600021,26,"Acer palmatum 'Bloodgood' H250-300/B250-300",BPJ,Q10,
600021,27,"Acer palmatum 'Bloodgood' H250-300/B250-300",BPJ,Q10,
600021,29,"Acer palmatum 'Bloodgood' H250-300/B150-200",BPJ,Q10,
600021,32,"Acer palmatum 'Bloodgood' H400-450/B250-300",BPJ,Q10,
600021,41,"Acer palmatum 'Bloodgood' H250-300/B250-300",BPJ,Q10,
600021,34,"Acer palmatum 'Bloodgood' H200-250/B200-250",BPJ,Q11,
600021,37,"Acer palmatum 'Bloodgood' H250-300/B275-300",BPJ,Q12,
600021,39,"Acer palmatum 'Bloodgood' H300-350/B150-200",BPJ,Q12,
600021,9,"Acer palmatum 'Bloodgood' H400-450/B200-250",BPJ,Q13,
600021,40,"Acer palmatum 'Bloodgood' H300-350/B200-250",BPJ,Q13,
600021,43,"Acer palmatum 'Bloodgood' H250-300/B250-300",BPJ,Q14,
600021,55,"Acer palmatum 'Bloodgood' H300-350/B250-300",BPJ,Q14,
600021,48,"Acer palmatum 'Bloodgood' H250-300/B250-300",BPJ,Q17,
600021,44,"Acer palmatum 'Bloodgood' H200-250/B300-400",BPJ,Q19,
600021,45,"Acer palmatum 'Bloodgood' H200-250/B200-250",BPJ,Q20,
600021,52,"Acer palmatum 'Bloodgood' H250-300/B200-250",BPJ,Q24,
600021,47,"Acer palmatum 'Bloodgood' H350-400/B300-400",BPJ,Q26,
600021,49,"Acer palmatum 'Bloodgood' H200-250/B200-250",BPJ,Q29,
600023,2,"Acer palmatum 'Fireglow' H700-800/B600-800",BPJ,Q01,
600023,45,"Acer palmatum 'Fireglow' H400-500/B300-400",BPJ,Q01,
600023,40,"Acer palmatum 'Fireglow' H350-400/B300-350",BPJ,Q02,
600023,44,"Acer palmatum 'Fireglow' H400-500/B300-400",BPJ,Q02,
600023,30,"Acer palmatum 'Fireglow' H450-500/B350-400",BPJ,Q04,
600023,31,"Acer palmatum 'Fireglow' H500-550/B350-400",BPJ,Q04,
600023,38,"Acer palmatum 'Fireglow' H400-450/B300-400",BPJ,Q04,
600023,4,"Acer palmatum 'Fireglow' H300-350/B200-250",BPJ,Q06,
600023,5,"Acer palmatum 'Fireglow' H300-350/B200-250",BPJ,Q06,
600023,43,"Acer palmatum 'Fireglow' H400-500/B300-400",BPJ,Q06,
600023,6,"Acer palmatum 'Fireglow' H300-350/B200-250",BPJ,Q07,
600023,26,"Acer palmatum 'Fireglow' H350-400/B200-250",BPJ,Q07,
600023,39,"Acer palmatum 'Fireglow' H350-400/B300-350",BPJ,Q07,
600023,34,"Acer palmatum 'Fireglow' H400-450/300-400",BPJ,Q1,
600023,35,"Acer palmatum 'Fireglow' H400-450/B300-400",BPJ,Q1,
600023,36,"Acer palmatum 'Fireglow' H400-450/B300-400",BPJ,Q1,
600023,8,"Acer palmatum 'Fireglow' H250-300/B300-400",BPJ,Q10,
600023,29,"Acer palmatum 'Fireglow' H350-400/B250-300",BPJ,Q13,
600023,9,"Acer palmatum 'Fireglow' H300-350/B200-250",BPJ,Q14,
600023,33,"Acer palmatum 'Fireglow' H300-350/B250-300",BPJ,Q2,
600023,14,"Acer palmatum 'Fireglow' H300-350/B150-200",BPJ,Q27,
600023,24,"Acer palmatum 'Fireglow' H450-500/B350-400",BPJ,Q27,
600023,28,"Acer palmatum 'Fireglow' H350-400/B250-300",BPJ,Q27,
600023,32,"Acer palmatum 'Fireglow' H400-450/B250-300",BPJ,Q3,
600023,37,"Acer palmatum 'Fireglow' H400-450/B300-400",BPJ,Q3,
600023,18,"Acer palmatum 'Fireglow' H350-400/B300-400",BPJ,Q30,
600023,19,"Acer palmatum 'Fireglow' H250-300/B200-250",BPJ,Q31,
600023,20,"Acer palmatum 'Fireglow' H350-400/B400-500",BPJ,Q31,
600023,21,"Acer palmatum 'Fireglow' H300-350/B300-400",BPJ,Q31,
600023,22,"Acer palmatum 'Fireglow' H350-400/B200-300",BPJ,Q31,
600026,1,"Acer palmatum 'Nicholsonii' H400-450/B400-450",BPJ,Q04,
600028,49,"Acer palmatum 'Osakazuki' H200-250/B150-200",BPJ,Q01,
600028,8,"Acer palmatum 'Osakazuki' H250-300/B250-300",BPJ,Q04,
600028,13,"Acer palmatum 'Osakazuki' H175-200/B100-150",BPJ,Q07,
600028,14,"Acer palmatum 'Osakazuki' H175-200/B150-200",BPJ,Q08,
600028,15,"Acer palmatum 'Osakazuki' H250-300/B300-400",BPJ,Q08,
600028,23,"Acer palmatum 'Osakazuki' H200-300/B200-250",BPJ,Q11,
600028,50,"Acer palmatum 'Osakazuki' H175-200/B175-200",BPJ,Q20,
600028,51,"Acer palmatum 'Osakazuki' H175-200/B175-200",BPJ,Q24,
600028,52,"Acer palmatum 'Osakazuki' H175-200/B175-200",BPJ,Q27,
600028,53,"Acer palmatum 'Osakazuki' H175-200/B175-200",BPJ,Q28,
600028,54,"Acer palmatum 'Osakazuki' H175-200/B175-200",BPJ,Q29,
600028,55,"Acer palmatum 'Osakazuki' H175-200/B175-200",BPJ,Q29,
600028,56,"Acer palmatum 'Osakazuki' H175-200/B175-200",BPJ,Q29,
600028,37,"Acer palmatum 'Osakazuki' H250-300/B300-400",BPJ,Q31,
600028,57,"Acer palmatum 'Osakazuki' H175-200/B175-200",BPJ,Q31,
600028,58,"Acer palmatum 'Osakazuki' H175-200/B175-200",BPJ,Q31,
600028,59,"Acer palmatum 'Osakazuki' H175-200/B175-200",BPJ,Q31,
600028,60,"Acer palmatum 'Osakazuki' H175-200/B175-200",BPJ,Q31,
600028,61,"Acer palmatum 'Osakazuki' H175-200/B175-200",BPJ,Q31,
600029,1,"Acer palmatum 'Red Pygmy' H250-300/B300-350",BPJ,Q02,
600029,2,"Acer palmatum 'Red Pygmy' H300-350/B150-200",BPJ,Q31,
600030,1,"Acer palmatum 'Shishigashira' H300-350/B200-250",BPJ,Q10,
600030,2,"Acer palmatum 'Shishigashira' H200-250/B150-200",BPJ,Q20,
600030,3,"Acer palmatum 'Shishigashira' H200-250/B200-250",BPJ,Q26,
600030,4,"Acer palmatum 'Shishigashira' H250-300/B150-200",BPJ,Q31,
600033,1,"Acer palmatum 'Scolopendrifolium' H200-250/B200-250",BPJ,Q21,
600035,6,"Acer polymorphus - grün H500-600/B450-500",BPJ,Q04,
600035,7,"Acer polymorphus - grün H500-600/B250-300",BPJ,Q13,
600035,1,"Acer polymorphus - grün H300-350/B250-300",BPJ,Q14,
600035,2,"Acer polymorphus - grün H250-300/B300-350",BPJ,Q16,
600035,4,"Acer polymorphus - grün H500-600/B400-500",BPJ,Q18,
600035,5,"Acer polymorphus - grün H350-400/B250-300",BPJ,Q31,
600037,136,"Acer palmatum 'Dissectum Viridis' H180-200/B300-325",BPJ,,
600037,4,"Acer palmatum 'Dissectum Viridis' H200-225/B250-300",BPJ,Q01,
600037,117,"Acer palmatum 'Dissectum Viridis' H125-150/B225-250",BPJ,Q01,
600037,118,"Acer palmatum 'Dissectum Viridis' H125-150/B225-250",BPJ,Q01,
600037,123,"Acer palmatum 'Dissectum Viridis' H200-225/B100-125",BPJ,Q01,
600037,124,"Acer palmatum 'Dissectum Viridis' H200-225/B100-125",BPJ,Q01,
600037,125,"Acer palmatum 'Dissectum Viridis' H200-225/B100-125",BPJ,Q01,
600037,7,"Acer palmatum 'Dissectum Viridis' H200-250/B350-400",BPJ,Q03,
600037,8,"Acer palmatum 'Dissectum Viridis' H200-250/B300-350",BPJ,Q03,
600037,143,"Acer palmatum 'Dissectum Viridis' H145-165/B225-250",BPJ,Q03,
600037,9,"Acer palmatum 'Dissectum Viridis' H125-150/B200-250",BPJ,Q04,
600037,116,"Acer palmatum 'Dissectum Viridis' H100-125/B125-150",BPJ,Q04,
600037,134,"Acer palmatum 'Dissectum Viridis' H125-150/B250-300",BPJ,Q04,
600037,12,"Acer palmatum 'Dissectum Viridis' H300-350/B200-250",BPJ,Q05,
600037,36,"Acer palmatum 'Dissectum Viridis' H350-400/B400-450",BPJ,Q05,
600037,132,"Acer palmatum 'Dissectum Viridis' H175-200/B250-300",BPJ,Q05,
600037,15,"Acer palmatum 'Dissectum Viridis' H200-225/B100-150",BPJ,Q07,
600037,106,"Acer palmatum 'Dissectum Viridis' H200-250/B250-300",BPJ,Q08,
600037,21,"Acer palmatum 'Dissectum Viridis' H200-250/B400-450",BPJ,Q10,
600037,22,"Acer palmatum 'Dissectum Viridis' H175-200/B300-350",BPJ,Q10,
600037,25,"Acer palmatum 'Dissectum Viridis' H200-250/B350-400",BPJ,Q10,
600037,26,"Acer palmatum 'Dissectum Viridis' H175-200/B350-400",BPJ,Q10,
600037,28,"Acer palmatum 'Dissectum Viridis' H250-300/B350-400",BPJ,Q10,
600037,29,"Acer palmatum 'Dissectum Viridis' H250-300/B500-550",BPJ,Q10,
600037,31,"Acer palmatum 'Dissectum Viridis' H200-225/B300-350",BPJ,Q10,
600037,100,"Acer palmatum 'Dissectum Viridis' H250-275/B400-500",BPJ,Q10,
600037,119,"Acer palmatum 'Dissectum Viridis' H250-300/B350-400",BPJ,Q10,
600037,135,"Acer palmatum 'Dissectum Viridis' H400-425/B350-375",BPJ,Q12,
600037,138,"Acer palmatum 'Dissectum Viridis' H350-375/B250-275",BPJ,Q12,
600037,34,"Acer palmatum 'Dissectum Viridis' H100-150/B150-200",BPJ,Q13,
600037,136,"Acer palmatum 'Dissectum Viridis' H180-200/B300-325",BPJ,Q13,
600037,37,"Acer palmatum 'Dissectum Viridis' H80-100/B150-200",BPJ,Q14,
600037,38,"Acer palmatum 'Dissectum Viridis' H250-275/B400-500",BPJ,Q14,
600037,39,"Acer palmatum 'Dissectum Viridis' H200-225/B300-350",BPJ,Q14,
600037,78,"Acer palmatum 'Dissectum Viridis' H175-200/B250-300",BPJ,Q14,
600037,84,"Acer palmatum 'Dissectum Viridis' H150-175/B175-200",BPJ,Q14,
600037,137,"Acer palmatum 'Dissectum Viridis' H180-200/B250-275",BPJ,Q14,
600037,138,"Acer palmatum 'Dissectum Viridis' H350-375/B250-275",BPJ,Q15,
600037,139,"Acer palmatum 'Dissectum Viridis' H200-225/B300-325",BPJ,Q16,
600037,43,"Acer palmatum 'Dissectum Viridis' H80-100/B150-200",BPJ,Q17,
600037,44,"Acer palmatum 'Dissectum Viridis' H250-300/B350-400",BPJ,Q17,
600037,112,"Acer palmatum 'Dissectum Viridis' H100-125/B125-150",BPJ,Q17,
600037,45,"Acer palmatum 'Dissectum Viridis' H225-250/B150-200",BPJ,Q18,
600037,113,"Acer palmatum 'Dissectum Viridis' H150-175/B200-250",BPJ,Q18,
600037,140,"Acer palmatum 'Dissectum Viridis' H145-165/B225-250",BPJ,Q18,
600037,141,"Acer palmatum 'Dissectum Viridis' H125-150/B250-275",BPJ,Q18,
600037,142,"Acer palmatum 'Dissectum Viridis' H180-200/B300-325",BPJ,Q18,
600037,47,"Acer palmatum 'Dissectum Viridis' H150-175/B300-350",BPJ,Q19,
600037,48,"Acer palmatum 'Dissectum Viridis' H225-250/B350-400",BPJ,Q19,
600037,49,"Acer palmatum 'Dissectum Viridis' H225-250/B200-250",BPJ,Q20,
600037,50,"Acer palmatum 'Dissectum Viridis' H200-225/B300-350",BPJ,Q20,
600037,51,"Acer palmatum 'Dissectum Viridis' H175-200/B300-350",BPJ,Q20,
600037,53,"Acer palmatum 'Dissectum Viridis' H250-300/B200-250",BPJ,Q21,
600037,54,"Acer palmatum 'Dissectum Viridis' H225-250/B300-350",BPJ,Q21,
600037,107,"Acer palmatum 'Dissectum Viridis' H125-150/B175-200",BPJ,Q22,
600037,115,"Acer palmatum 'Dissectum Viridis' H100-125/B125-150",BPJ,Q22,
600037,56,"Acer palmatum 'Dissectum Viridis' H225-250/B350-400",BPJ,Q23,
600037,57,"Acer palmatum 'Dissectum Viridis' H200-225/B250-300",BPJ,Q23,
600037,59,"Acer palmatum 'Dissectum Viridis' H200-225/B350-400",BPJ,Q24,
600037,60,"Acer palmatum 'Dissectum Viridis' H150-175/B250-300",BPJ,Q26,
600037,66,"Acer palmatum 'Dissectum Viridis' H100-125/B200-250",BPJ,Q26,
600037,67,"Acer palmatum 'Dissectum Viridis' H200-250/B350-400",BPJ,Q26,
600037,71,"Acer palmatum 'Dissectum Viridis' H150-200/B250-300",BPJ,Q26,
600037,108,"Acer palmatum 'Dissectum Viridis' H125-150/B125-150",BPJ,Q26,
600037,69,"Acer palmatum 'Dissectum Viridis' H225-250/B300-350",BPJ,Q27,
600037,70,"Acer palmatum 'Dissectum Viridis' H80-100/B200-250",BPJ,Q27,
600037,72,"Acer palmatum 'Dissectum Viridis' H125-150/B350-400",BPJ,Q27,
600037,73,"Acer palmatum 'Dissectum Viridis' H225-250/B300-350",BPJ,Q27,
600037,109,"Acer palmatum 'Dissectum Viridis' H125-150/B150-200",BPJ,Q27,
600037,30,"Acer palmatum 'Dissectum Viridis' H150-200/B300-350",BPJ,Q28,
600037,74,"Acer palmatum 'Dissectum Viridis' H225-250/B250-300",BPJ,Q28,
600037,75,"Acer palmatum 'Dissectum Viridis' H225-250/B300-350",BPJ,Q28,
600037,76,"Acer palmatum 'Dissectum Viridis' H200-225/B300-350",BPJ,Q28,
600037,77,"Acer palmatum 'Dissectum Viridis' H250-275/B300-350",BPJ,Q28,
600037,90,"Acer palmatum 'Dissectum Viridis' H175-200/B250-300",BPJ,Q28,
600037,55,"Acer palmatum 'Dissectum Viridis' H150-200/B250-300",BPJ,Q29,
600037,81,"Acer palmatum 'Dissectum Viridis' H150-175/B200-250",BPJ,Q29,
600037,82,"Acer palmatum 'Dissectum Viridis' H250-300/B250-300",BPJ,Q29,
600037,83,"Acer palmatum 'Dissectum Viridis' H150-175/B250-300",BPJ,Q29,
600037,85,"Acer palmatum 'Dissectum Viridis' H225-250/B350-400",BPJ,Q29,
600037,94,"Acer palmatum 'Dissectum Viridis' H175-200/B250-300",BPJ,Q29,
600037,110,"Acer palmatum 'Dissectum Viridis' H150-175/B200-250",BPJ,Q29,
600037,111,"Acer palmatum 'Dissectum Viridis' H125-150/B175-200",BPJ,Q29,
600037,92,"Acer palmatum 'Dissectum Viridis' H125-150/B200-250",BPJ,Q31,
600037,93,"Acer palmatum 'Dissectum Viridis' H150-175/B350-400",BPJ,Q31,
600037,96,"Acer palmatum 'Dissectum Viridis' H200-225/B300-350",BPJ,Q31,
600037,97,"Acer palmatum 'Dissectum Viridis' H200-225/B300-350",BPJ,Q31,
600037,98,"Acer palmatum 'Dissectum Viridis' H225-250/B300-350",BPJ,Q31,
600037,105,"Acer palmatum 'Dissectum Viridis' H175-200/B250-300",BPJ,Q31,
600038,1,"Acer palmatum 'Dissectum Green Globe' H175-200/B250-300",BPJ,Q28,
600040,1,"Acer palmatum 'Dissectum Orangeola' H80-100/B100-150",BPJ,Q27,
600041,1,"Acer palmatum 'Shino Buga Oka' H150-175/B100-150",BPJ,Q04,
600042,1,"Acer Palmatum 'Yasemin' H300-350/B200-250",BPJ,Q08,
600042,2,"Acer Palmatum 'Yasemin' H300-350/B200-250",BPJ,Q16,
600044,1,"Acer palmatum 'Aoyagi' H250-300/B150-200",BPJ,Q27,
600046,21,"Acer palmatum 'Dissectum Garnet' H150-200/B100-150",BPJ,Q02,
600046,1,"Acer palmatum 'Dissectum Garnet' H125-150/B200-250",BPJ,Q08,
600046,2,"Acer palmatum 'Dissectum Garnet' H175-200/B250-300",BPJ,Q09,
600046,3,"Acer palmatum 'Dissectum Garnet' H175-200/B200-250",BPJ,Q10,
600046,4,"Acer palmatum 'Dissectum Garnet' H200-225/B250-300",BPJ,Q10,
600046,5,"Acer palmatum 'Dissectum Garnet' H200-225/B250-300",BPJ,Q10,
600046,6,"Acer palmatum 'Dissectum Garnet' H225-250/B250-300",BPJ,Q10,
600046,7,"Acer palmatum 'Dissectum Garnet' H200-250/B300-350",BPJ,Q10,
600046,8,"Acer palmatum 'Dissectum Garnet' H200-250/B200-250",BPJ,Q10,
600046,22,"Acer palmatum 'Dissectum Garnet' H200-225/B350-400",BPJ,Q10,
600046,23,"Acer palmatum 'Dissectum Garnet' H100-150/B150-200",BPJ,Q10,
600046,9,"Acer palmatum 'Dissectum Garnet' H100-125/B200-250",BPJ,Q12,
600046,10,"Acer palmatum 'Dissectum Garnet' H200-225/B250-300",BPJ,Q16,
600046,12,"Acer palmatum 'Dissectum Garnet' H300-350/B350-400",BPJ,Q17,
600046,24,"Acer palmatum 'Dissectum Garnet' H100-150/B150-200",BPJ,Q17,
600046,13,"Acer palmatum 'Dissectum Garnet' H80-100/B200-250",BPJ,Q18,
600046,14,"Acer palmatum 'Dissectum Garnet' H150-175/B300-400",BPJ,Q19,
600046,15,"Acer palmatum 'Dissectum Garnet' H225-250/B400-500",BPJ,Q19,
600046,16,"Acer palmatum 'Dissectum Garnet' H100-125/B250-300",BPJ,Q23,
600046,17,"Acer palmatum 'Dissectum Garnet' H200-225/B250-300",BPJ,Q23,
600046,18,"Acer palmatum 'Dissectum Garnet' H150-200/B250-300",BPJ,Q26,
600046,19,"Acer palmatum 'Dissectum Garnet' H125-150/B175-200",BPJ,Q26,
600046,25,"Acer palmatum 'Dissectum Garnet' H200-250/B200-250",BPJ,Q26,
600046,26,"Acer palmatum 'Dissectum Garnet' H250-300/B550-600",BPJ,Q26,
600046,20,"Acer palmatum 'Dissectum Garnet' H200-225/B200-250",BPJ,Q28,
600046,27,"Acer palmatum 'Dissectum Garnet' H175-200/B300-350",BPJ,Q31,
600047,2,"Acer palmatum 'Dissectum Ornatum' H200-250/B350-400",BPJ,Q01,
600047,10,"Acer palmatum 'Dissectum Ornatum' H60-80/B130-140",BPJ,Q01,
600047,3,"Acer palmatum 'Dissectum Ornatum' H200-250/B300-350",BPJ,Q02,
600047,4,"Acer palmatum 'Dissectum Ornatum' H200-250/B350-400",BPJ,Q03,
600047,5,"Acer palmatum 'Dissectum Ornatum' H400-450/B200-250",BPJ,Q05,
600047,6,"Acer palmatum 'Dissectum Ornatum' H200-250/B400-450",BPJ,Q06,
600047,7,"Acer palmatum 'Dissectum Ornatum' H100-150/B200-250",BPJ,Q06,
600047,53,"Acer palmatum 'Dissectum Ornatum' H300-350/B300-350",BPJ,Q06,
600047,63,"Acer palmatum 'Dissectum Ornatum' H175-200/B250-300",BPJ,Q06,
600047,64,"Acer palmatum 'Dissectum Ornatum' H125-150/B200-225",BPJ,Q07,
600047,65,"Acer palmatum 'Dissectum Ornatum' H150-200/B225-250",BPJ,Q08,
600047,66,"Acer palmatum 'Dissectum Ornatum' H150-175/B250-300",BPJ,Q09,
600047,67,"Acer palmatum 'Dissectum Ornatum' H225-250/B150-200",BPJ,Q09,
600047,11,"Acer palmatum 'Dissectum Ornatum' H175-200/B400-500",BPJ,Q10,
600047,12,"Acer palmatum 'Dissectum Ornatum' H250-275/B350-400",BPJ,Q10,
600047,15,"Acer palmatum 'Dissectum Ornatum' H175-200/B300-350",BPJ,Q10,
600047,17,"Acer palmatum 'Dissectum Ornatum' H225-250/B250-300",BPJ,Q10,
600047,18,"Acer palmatum 'Dissectum Ornatum' H225-250/B200-250",BPJ,Q10,
600047,55,"Acer palmatum 'Dissectum Ornatum' H150-200/B350-400",BPJ,Q10,
600047,61,"Acer palmatum 'Dissectum Ornatum' H300-350/B400-450",BPJ,Q10,
600047,68,"Acer palmatum 'Dissectum Ornatum' H225/250/B150-200",BPJ,Q10,
600047,69,"Acer palmatum 'Dissectum Ornatum' H225-250/B300-350",BPJ,Q11,
600047,19,"Acer palmatum 'Dissectum Ornatum' H175-200/B300-350",BPJ,Q12,
600047,70,"Acer palmatum 'Dissectum Ornatum' H350-400/B200-225",BPJ,Q12,
600047,71,"Acer palmatum 'Dissectum Ornatum' H350-400/B200-225",BPJ,Q12,
600047,72,"Acer palmatum 'Dissectum Ornatum' H350-400/B200-225",BPJ,Q12,
600047,73,"Acer palmatum 'Dissectum Ornatum' H350-400/B200-225",BPJ,Q12,
600047,74,"Acer palmatum 'Dissectum Ornatum' H300-325/B200-250",BPJ,Q12,
600047,20,"Acer palmatum 'Dissectum Ornatum' H80-100/B200-250",BPJ,Q15,
600047,21,"Acer palmatum 'Dissectum Ornatum' H175-200/B350-400",BPJ,Q18,
600047,25,"Acer palmatum 'Dissectum Ornatum' H200-250/B300-400",BPJ,Q22,
600047,26,"Acer palmatum 'Dissectum Ornatum' H225-250/B350-400",BPJ,Q23,
600047,27,"Acer palmatum 'Dissectum Ornatum' H250-275/B300-350",BPJ,Q24,
600047,22,"Acer palmatum 'Dissectum Ornatum' H150-175/B250-300",BPJ,Q26,
600047,30,"Acer palmatum 'Dissectum Ornatum' H125-150/B200-250",BPJ,Q26,
600047,31,"Acer palmatum 'Dissectum Ornatum' H250-275/B200-250",BPJ,Q26,
600047,32,"Acer palmatum 'Dissectum Ornatum' H100-150/B200-250",BPJ,Q26,
600047,56,"Acer palmatum 'Dissectum Ornatum' H100-150/B100-150",BPJ,Q26,
600047,34,"Acer palmatum 'Dissectum Ornatum' H80-100/B200-250",BPJ,Q27,
600047,38,"Acer palmatum 'Dissectum Ornatum' H200-225/B250-300",BPJ,Q28,
600047,39,"Acer palmatum 'Dissectum Ornatum' H250-275/B200-250",BPJ,Q28,
600047,40,"Acer palmatum 'Dissectum Ornatum' H200-225/B300-350",BPJ,Q28,
600047,41,"Acer palmatum 'Dissectum Ornatum' H125-150/B200-250",BPJ,Q28,
600047,57,"Acer palmatum 'Dissectum Ornatum' H150-200/B300-350",BPJ,Q28,
600047,42,"Acer palmatum 'Dissectum Ornatum' H300-350/B250-300",BPJ,Q29,
600047,43,"Acer palmatum 'Dissectum Ornatum' H200-225/B300-350",BPJ,Q29,
600047,44,"Acer palmatum 'Dissectum Ornatum' H225-250/B400-500",BPJ,Q29,
600047,45,"Acer palmatum 'Dissectum Ornatum' H200-225/B200-250",BPJ,Q31,
600047,46,"Acer palmatum 'Dissectum Ornatum' H225-250/B200-250",BPJ,Q31,
600047,47,"Acer palmatum 'Dissectum Ornatum' H225-250/B200-250",BPJ,Q31,
600047,48,"Acer palmatum 'Dissectum Ornatum' H175-200/B250-300",BPJ,Q31,
600047,49,"Acer palmatum 'Dissectum Ornatum' H225-250/B200-250",BPJ,Q31,
600047,50,"Acer palmatum 'Dissectum Ornatum' H250-275/B300-350",BPJ,Q31,
600047,51,"Acer palmatum 'Dissectum Ornatum' H100-125/B150-200",BPJ,Q31,
600047,52,"Acer palmatum 'Dissectum Ornatum' H175-200/B250-300",BPJ,Q31,
600047,58,"Acer palmatum 'Dissectum Ornatum' H200-225/B200-250",BPJ,Q31,
600047,59,"Acer palmatum 'Dissectum Ornatum' H175-200/B300-350",BPJ,Q31,
600047,60,"Acer palmatum 'Dissectum Ornatum' H200-300/B350-400",BPJ,Q31,
600050,1,"Acer palmatum 'Dissectum Nigrum' H200-250/B250-300",BPJ,Q10,
600050,2,"Acer palmatum 'Dissectum Nigrum' H200-225/B200-250",BPJ,Q18,
600050,3,"Acer palmatum 'Dissectum Nigrum' H75-200/B200-225",BPJ,Q31,
600051,2,"Acer palmatum 'Dissectum Stella Rossa' H200-225/B150-200",BPJ,Q20,
600051,3,"Acer palmatum 'Dissectum Stella Rossa' H200-225/B200-250",BPJ,Q20,
600051,1,"Acer palmatum 'Dissectum Stella Rossa' H175-200/B150-200",BPJ,Q29,
600053,1,"Acer palmatum 'Inaba-shidare' H200-250/B200-250",BPJ,Q26,
600053,2,"Acer palmatum 'Inaba-shidare' H200-250/B200-250",BPJ,Q26,
600054,1,"Acer palmatum 'Dissectum Red Autumn Lace H100-125/B200-250",BPJ,Q12,
600054,3,"Acer palmatum 'Dissectum Red Autumn Lace H150-175/B200-250",BPJ,Q27,
600054,2,"Acer palmatum 'Dissectum Red Autumn Lace H150-175/B200-250",BPJ,Q29,
600054,4,"Acer palmatum 'Dissectum Red Autumn Lace H200-250/B200-250",BPJ,Q31,
600056,2,"Acer shirasawanum 'Aureum' H400-450/B250-300",BPJ,Q14,
600056,4,"Acer shirasawanum 'Aureum' H350-400/B300-400",BPJ,Q19,
600056,10,"Acer shirasawanum 'Aureum' H175-200/B100-150",BPJ,Q27,
600056,12,"Acer shirasawanum 'Aureum' H175-200/B100-150",BPJ,Q28,
600058,1,"Acer griseum H400-450/B200-250",BPJ,Q07,
600058,2,"Acer griseum H400-500/B400-450",BPJ,Q13,
600061,1,"Aesculus x carnea 'Briotii' H500-700/B400-600",BPJ,Q13,
600062,1,"Aesculus flava 'Vestita' H1000-1200/B600-800",BPJ,Q26,
600063,1,"Aesculus hippocastanum H400-450/B350-400",BPJ,Q08,
600063,2,"Aesculus hippocastanum H400-450/B350-400",BPJ,Q08,
600064,1,"Amelanchier lamarckii H700-800/B400-500",BPJ,Q01,
600065,1,"Amelanchier lamarckii H400-450/B350-400",BPJ,Q02,
600065,2,"Amelanchier lamarckii H650-700/B600-700",BPJ,Q02,
600065,6,"Amelanchier lamarckii H800-900/B500-550",BPJ,Q05,
600065,7,"Amelanchier lamarckii H400-450/B300-400",BPJ,Q05,
600065,8,"Amelanchier lamarckii H500-550/B550-600",BPJ,Q05,
600065,9,"Amelanchier lamarckii H500-550/B600-650",BPJ,Q08,
600065,18,"Amelanchier lamarckii H300-350/B350-400",BPJ,Q08,
600065,19,"Amelanchier lamarckii H300-350/B300-350",BPJ,Q08,
600065,14,"Amelanchier lamarckii H300-350/B250-300",BPJ,Q09,
600065,20,"Amelanchier lamarckii H550-600/B400-450",BPJ,Q10,
600065,10,"Amelanchier lamarckii H450-500/B450-500",BPJ,Q11,
600065,11,"Amelanchier lamarckii H450-500/B400-500",BPJ,Q11,
600065,12,"Amelanchier lamarckii H300-350/B300-350",BPJ,Q13,
600065,21,"Amelanchier lamarckii H500-550/B300-350",BPJ,Q16,
600065,13,"Amelanchier lamarckii H300-350/B250-300",BPJ,Q20,
600065,22,"Amelanchier lamarckii H500-550/B300-350",BPJ,Q20,
600065,23,"Amelanchier lamarckii H550-600/B300-350",BPJ,Q21,
600072,1,"Betula utilis 'Doorenbos' H650-700/B200-250",BPJ,Q05,
600076,3,"Carpinus betulus H300-350/B200-300",BPJ,Q06,
600076,4,"Carpinus betulus H300-350/B300-350",BPJ,Q08,
600076,5,"Carpinus betulus H250-300/B150-200",BPJ,Q16,
600076,8,"Carpinus betulus H250-300/B150-200",BPJ,Q22,
600076,9,"Carpinus betulus H250-300/B150-200",BPJ,Q23,
600076,10,"Carpinus betulus H250-300/B150-200",BPJ,Q30,
600077,1,"Carpinus betulus H600-700/B400-500",BPJ,Q01,
600077,2,"Carpinus betulus H600-700/B400-500",BPJ,Q01,
600077,3,"Carpinus betulus H600-700/B400-500",BPJ,Q01,
600077,4,"Carpinus betulus H600-700/B400-500",BPJ,Q01,
600078,4,"Carpinus betulus H700-900/B300-400",BPJ,Q01,
600078,5,"Carpinus betulus H700-900/B300-400",BPJ,Q01,
600078,6,"Carpinus betulus H500-700/B300-400",BPJ,Q03,
600078,3,"Carpinus betulus H500-700/B250-300",BPJ,Q05,
600078,7,"Carpinus betulus H500-600/B100-150",BPJ,Q06,
600078,8,"Carpinus betulus H300-400/B150-200",BPJ,Q24,
600086,3,"Catalpa bignonioides H500-550/B450-500",BPJ,Q01,
600086,4,"Catalpa bignonioides H650-700/B400-450",BPJ,Q02,
600086,5,"Catalpa bignonioides H800-850/B600-650",BPJ,Q02,
600086,6,"Catalpa bignonioides H700-800/B600-700",BPJ,Q02,
600086,7,"Catalpa bignonioides H350-400/B300-350",BPJ,Q13,
600086,9,"Catalpa bignonioides H400-450/B450-500",BPJ,Q13,
600086,2,"Catalpa bignonioides H400-450/B350-400",BPJ,Q17,
600087,1,"Catalpa bignonioides H500-600/B600-700",BPJ,Q21,
600088,1,"Catalpa bignonioides 'Nana' H400-500/B500-600",BPJ,Q09,
600088,2,"Catalpa bignonioides 'Nana' H400-500/B500-600",BPJ,Q09,
600088,3,"Catalpa bignonioides 'Nana' H400-450/B500-550",BPJ,Q12,
600088,4,"Catalpa bignonioides 'Nana' H400-450/B400-450",BPJ,Q12,
600091,2,"Cornus florida 'Rubra' H200-250/B150-200",BPJ,Q26,""
600092,1,"Cornus controversa H500-550/B600-650",BPJ,Q04,
600092,2,"Cornus controversa H500-550/B600-650",BPJ,Q08,
600092,5,"Cornus controversa H400-450/B300-350",BPJ,Q08,
600093,6,"Cornus kousa H200-250/B150-200",BPJ,Q02,
600093,7,"Cornus kousa H450-500/B300-350",BPJ,Q03,
600093,8,"Cornus kousa H450-500/B300-350",BPJ,Q03,
600093,9,"Cornus kousa H550-600/B350-400",BPJ,Q10,
600093,4,"Cornus kousa H150-175/B100-150",BPJ,Q26,
600098,1,"Cornus mas H250-300/B400-450",BPJ,Q04,
600098,3,"Cornus mas H250-300/B300-350",BPJ,Q08,
600098,4,"Cornus mas H300-350/B250-300",BPJ,Q08,
600102,1,"Crataegus crus-galli H350-400/B350-400",BPJ,Q03,
600104,1,"Crataegus x lavallei 'Carrierei' H400-500/B450-500",BPJ,Q13,
600105,2,"Enkianthus campanulatus H250-300/B150-200",BPJ,Q04,
600110,6,"Ginkgo biloba H200-250/B300-350",BPJ,Q02,
600121,1,"Juglans regia 'Franquette' H350-400/B80-100",BPJ,Q01,
600122,2,"Koelreuteria paniculata H450-500/B500-550",BPJ,Q08,
600122,1,"Koelreuteria paniculata H250-300/B200-300",BPJ,Q19,
600124,3,"Liquidambar styraciflua H500-700/B300-400",BPJ,Q01,
600124,2,"Liquidambar styraciflua H300-350/B200-300",BPJ,Q03,
600124,1,"Liquidambar styraciflua H750-800/B400-450",BPJ,Q04,
600127,1,"Liriodendron tulipifera H700-900/B300-400",BPJ,Q09,
600127,3,"Liriodendron tulipifera H700-900/B250-300",BPJ,Q11,
600127,2,"Liriodendron tulipifera H700-900/B300-400",BPJ,Q14,
600127,4,"Liriodendron tulipifera H700-900/B300-400",BPJ,Q20,
600129,1,"Magnolia 'Elizabeth' H750-800/B450-500",BPJ,Q04,
600130,1,"Magnolia grandiflora H500-550/B300-350",BPJ,Q09,
600131,1,"Magnolia liliiflora 'Susan' H250-300/B350-400",BPJ,Q01,
600131,4,"Magnolia liliiflora 'Susan' H350-400/B500-600",BPJ,Q02,
600131,7,"Magnolia liliiflora 'Susan' H450-500/B350-400",BPJ,Q07,
600131,5,"Magnolia liliiflora 'Susan' H250-300/B400-450",BPJ,Q17,
600131,2,"Magnolia liliiflora 'Susan' H350-400/B350-400",BPJ,Q21,
600131,3,"Magnolia liliiflora 'Susan' H250-300/B250-300",BPJ,Q24,
600131,6,"Magnolia liliiflora 'Susan' H300-350/B250-300",BPJ,Q24,
600131,8,"Magnolia liliiflora 'Susan' H400-450/B350-400",BPJ,Q24,
600132,1,"Magnolia liliiflora 'Nigra' H250-300/B200-250",BPJ,Q01,
600132,2,"Magnolia liliiflora 'Nigra' H500-550/B400-450",BPJ,Q02,
600132,3,"Magnolia liliiflora 'Nigra' H600-700/B450-500",BPJ,Q03,
600133,1,"Magnolia loebneri 'Snowdrift' H300-350/B125-150",BPJ,Q24,
600133,2,"Magnolia loebneri 'Snowdrift' H300-350/B125-150",BPJ,Q24,
600135,2,"Magnolia stellata 'Rosea' H250-300/B125-150",BPJ,Q09,
600135,3,"Magnolia stellata 'Rosea' H250-300/B125-150",BPJ,Q09,
600135,28,"Magnolia stellata 'Rosea' H250-300/B125-150",BPJ,Q09,
600135,29,"Magnolia stellata 'Rosea' H250-300/B125-150",BPJ,Q13,
600135,30,"Magnolia stellata 'Rosea' H250-300/B125-150",BPJ,Q13,
600135,33,"Magnolia stellata 'Rosea' H250-300/B125-150",BPJ,Q13,
600135,34,"Magnolia stellata 'Rosea' H250-300/B125-150",BPJ,Q13,
600135,35,"Magnolia stellata 'Rosea' H250-300/B125-150",BPJ,Q13,
600135,5,"Magnolia stellata 'Rosea' H250-300/B125-150",BPJ,Q14,
600135,6,"Magnolia stellata 'Rosea' H250-300/B125-150",BPJ,Q14,
600135,8,"Magnolia stellata 'Rosea' H250-300/B125-150",BPJ,Q16,
600135,12,"Magnolia stellata 'Rosea' H250-300/B125-150",BPJ,Q18,
600135,15,"Magnolia stellata 'Rosea' H250-300/B125-150",BPJ,Q19,
600135,16,"Magnolia stellata 'Rosea' H250-300/B125-150",BPJ,Q20,
600135,19,"Magnolia stellata 'Rosea' H250-300/B125-150",BPJ,Q23,
600135,20,"Magnolia stellata 'Rosea' H250-300/B125-150",BPJ,Q24,
600135,21,"Magnolia stellata 'Rosea' H250-300/B125-150",BPJ,Q24,
600135,22,"Magnolia stellata 'Rosea' H250-300/B125-150",BPJ,Q24,
600135,23,"Magnolia stellata 'Rosea' H250-300/B125-150",BPJ,Q24,
600135,24,"Magnolia stellata 'Rosea' H250-300/B125-150",BPJ,Q24,
600135,25,"Magnolia stellata 'Rosea' H250-300/B125-150",BPJ,Q24,
600135,26,"Magnolia stellata 'Rosea' H250-300/B125-150",BPJ,Q30,
600135,27,"Magnolia stellata 'Rosea' H250-300/B125-150",BPJ,Q31,
600136,4,"Magnolia x soulangeana H400-450/B400-450",BPJ,Q02,
600136,8,"Magnolia x soulangeana H400-450/B200-250",BPJ,Q02,
600136,9,"Magnolia x soulangeana H700-800/B450-500",BPJ,Q03,
600136,12,"Magnolia x soulangeana H350-400/B250-300",BPJ,Q03,
600136,29,"Magnolia x soulangeana H300-350/B200-250",BPJ,Q05,
600136,15,"Magnolia x soulangeana H400-450/B350-400",BPJ,Q07,
600136,18,"Magnolia x soulangeana H350-400/B350-400",BPJ,Q08,
600136,31,"Magnolia x soulangeana H550-600/B400-450",BPJ,Q08,
600136,19,"Magnolia x soulangeana H250-300/B150-200",BPJ,Q11,
600136,20,"Magnolia x soulangeana H250-300/B150-200",BPJ,Q11,
600136,22,"Magnolia x soulangeana H300-350/B200-250",BPJ,Q11,
600136,32,"Magnolia x soulangeana H550-600/B450-500",BPJ,Q12,
600136,33,"Magnolia x soulangeana H550-600/B400-450",BPJ,Q13,
600136,3,"Magnolia x soulangeana H350-400/B250-300",BPJ,Q15,
600136,30,"Magnolia x soulangeana H300-350/B225-250",BPJ,Q18,
600138,1,"Magnolia x soulangeana 'Alba' H900-1000/B400-450",BPJ,Q04,
600139,1,"Magnolia x soulangeana 'Alba' H550-600/B550-600",BPJ,Q01,
600139,4,"Magnolia x soulangeana 'Alba' H350-400/B300-350",BPJ,Q14,
600139,5,"Magnolia x soulangeana 'Alba' H350-400/B300-350",BPJ,Q14,
600139,6,"Magnolia x soulangeana 'Alba' H350-400/B300-350",BPJ,Q14,
600141,1,"Magnolia stellata H350-400/B350-400",BPJ,Q08,
600141,2,"Magnolia stellata H450-500/B350-400",BPJ,Q11,
600142,4,"Malus toringo 'Sargentii' H200-250/B200-250",BPJ,Q09,
600142,6,"Malus toringo 'Sargentii' H250-300/B400-450",BPJ,Q09,
600142,8,"Malus toringo 'Sargentii' H250-300/B300-350",BPJ,Q09,
600142,9,"Malus toringo 'Sargentii' H200-250/B200-250",BPJ,Q22,
600143,2,"Malus  'Evereste' H350-400/B250-300",BPJ,Q03,
600145,3,"Morus alba H500-550/B500-600",BPJ,Q03,
600145,1,"Morus alba H400-450/B600-650",BPJ,Q12,
600147,18,"Parrotia persica H550-600/200-250",BPJ,Q02,
600147,1,"Parrotia persica H750-800/B500-600",BPJ,Q03,
600147,19,"Parrotia persica H850-900/B500-600",BPJ,Q03,
600147,20,"Parrotia persica H550-600/B500-550",BPJ,Q03,
600147,21,"Parrotia persica H750-800/B500-600",BPJ,Q03,
600147,24,"Parrotia persica H600-650/B450-500",BPJ,Q03,
600147,2,"Parrotia persica H850-900/B500-600",BPJ,Q15,
600147,27,"Parrotia persica H200-250/B150-175",BPJ,Q16,
600147,28,"Parrotia persica H200-250/B150-175",BPJ,Q17,
600147,22,"Parrotia persica H300-350/B300-350",BPJ,Q20,
600147,6,"Parrotia persica H450-500/B400-450",BPJ,Q21,
600147,17,"Parrotia persica H300-350/B250-300",BPJ,Q21,
600147,29,"Parrotia persica H200-250/B150-175",BPJ,Q22,
600147,14,"Parrotia persica H500-550/B300-400",BPJ,Q24,
600147,15,"Parrotia persica H500-600/B300-400",BPJ,Q24,
600148,1,"Morus alba H400-450/B300-350",BPJ,Q09,
600148,2,"Morus alba H400-450/B450-500",BPJ,Q09,
600148,3,"Morus alba H400-500/B500-600",BPJ,Q14,
600150,1,"Morus alba 'Pendula' H150-200/B300-350",BPJ,Q24,
600152,1,"Osmanthus x burkwoodii H200-250/B200-250",BPJ,Q03,
600152,2,"Osmanthus x burkwoodii H175-200/B175-200",BPJ,Q03,
600152,4,"Osmanthus x burkwoodii H150-200/B150-200",BPJ,Q08,
600152,5,"Osmanthus x burkwoodii H200-250/B200-250",BPJ,Q08,
600152,6,"Osmanthus x burkwoodii H175-200/B200-250",BPJ,Q09,
600152,8,"Osmanthus x burkwoodii H175-200/B150-175",BPJ,Q15,
600153,3,"Prunus armeniaca 'Luizet' H200/B200",BPJ,Q01,
600153,6,"Prunus armeniaca 'Kioto' H200/B200",BPJ,Q01,
600153,7,"Prunus armeniaca 'Kioto' H200/B200",BPJ,Q01,
600153,8,"Prunus armeniaca 'Luizet' H200/B200",BPJ,Q01,
600153,9,"Prunus armeniaca 'Luizet' H200/B200",BPJ,Q01,
600154,5,"Parrotia persica H700-800/B600-700",BPJ,Q01,
600154,7,"Parrotia persica H800-850/B600-700",BPJ,Q04,
600154,10,"Parrotia persica H600-650/B550-600",BPJ,Q04,
600154,11,"Parrotia persica H500-550/B350-400",BPJ,Q04,
600154,1,"Parrotia persica H750-800/B500-600",BPJ,Q05,
600154,13,"Parrotia persica H900-950/B550-600",BPJ,Q05,
600154,14,"Parrotia persica H750-800/B500-550",BPJ,Q05,
600154,15,"Parrotia persica H500-600/B400-450",BPJ,Q05,
600154,16,"Parrotia persica H700-750/B400-450",BPJ,Q05,
600154,18,"Parrotia persica H500-600/B500-600",BPJ,Q05,
600154,19,"Parrotia persica H800-850/B600-650",BPJ,Q06,
600154,20,"Parrotia persica H950-1000/B700-800",BPJ,Q06,
600154,21,"Parrotia persica H900-950/B500-550",BPJ,Q06,
600154,65,"Parrotia persica H350-400/B300-350",BPJ,Q06,
600154,22,"Parrotia persica H600-650/B400-450",BPJ,Q07,
600154,23,"Parrotia persica H550-600/B450-500",BPJ,Q07,
600154,25,"Parrotia persica H600-650/B400-450",BPJ,Q07,
600154,27,"Parrotia persica H600-650/B450-500",BPJ,Q07,
600154,29,"Parrotia persica H500-550/B500-550",BPJ,Q07,
600154,26,"Parrotia persica H800-900/B500-550",BPJ,Q08,
600154,8,"Parrotia persica H950-1000/B400-450",BPJ,Q09,
600154,30,"Parrotia persica H600-700/B400-450",BPJ,Q09,
600154,31,"Parrotia persica H600-650/B400-500",BPJ,Q09,
600154,32,"Parrotia persica H550-580/B600-650",BPJ,Q09,
600154,34,"Parrotia persica H700-750/B600-650",BPJ,Q11,
600154,35,"Parrotia persica H600-650/B700-750",BPJ,Q11,
600154,36,"Parrotia persica H750-800/B600-650",BPJ,Q11,
600154,37,"Parrotia persica H700-750/B600-650",BPJ,Q11,
600154,39,"Parrotia persica H600-650/B450-500",BPJ,Q11,
600154,40,"Parrotia persica H750-800/B500-550",BPJ,Q11,
600154,41,"Parrotia persica H600-650/B400-450",BPJ,Q11,
600154,42,"Parrotia persica H700-750/B400-450",BPJ,Q11,
600154,43,"Parrotia persica H900-950/B450-500",BPJ,Q12,
600154,44,"Parrotia persica H600-700/B500-600",BPJ,Q12,
600154,45,"Parrotia persica H900-950/B500-600",BPJ,Q12,
600154,46,"Parrotia persica H700-750/B500-600",BPJ,Q12,
600154,47,"Parrotia persica H800-900/B600-700",BPJ,Q12,
600154,49,"Parrotia persica H650-700/B450-500",BPJ,Q12,
600154,50,"Parrotia persica H700-750/B450-500",BPJ,Q12,
600154,51,"Parrotia persica H350-400/B250-300",BPJ,Q12,
600154,53,"Parrotia persica H700-750/B500-600",BPJ,Q13,
600154,54,"Parrotia persica H700-750/B400-450",BPJ,Q13,
600154,55,"Parrotia persica H1000-11000/B700-800",BPJ,Q13,
600154,57,"Parrotia persica H800-900/B500-600",BPJ,Q14,
600154,59,"Parrotia persica H800-850/B500-600",BPJ,Q15,
600154,60,"Parrotia persica H950-1000/B500-600",BPJ,Q15,
600154,66,"Parrotia persica H350-400/B300-350",BPJ,Q16,
600154,67,"Parrotia persica H350-400/B300-350",BPJ,Q20,
600154,61,"Parrotia persica H600-650/B200-300",BPJ,Q21,
600154,64,"Parrotia persica H400-450/B200-250",BPJ,Q23,
600154,62,"Parrotia persica H300-350/B250-300",BPJ,Q24,
600154,68,"Parrotia persica H350-400/B300-350",BPJ,Q24,
600155,11,"Platanus x hispanica H225-250/B200-225",BPJ,Q06,
600155,14,"Platanus x hispanica H250-300/B250-300",BPJ,Q06,
600155,15,"Platanus x hispanica H250-300/B250-300",BPJ,Q06,
600155,2,"Platanus x hispanica H400-450/B400-450",BPJ,Q07,
600155,3,"Platanus x hispanica H400-450/B400-450",BPJ,Q07,
600155,4,"Platanus x hispanica H400-450/B400-450",BPJ,Q07,
600155,12,"Platanus x hispanica H250-300/B250-300",BPJ,Q09,
600155,6,"Platanus x hispanica H500-550/B400-450",BPJ,Q12,
600155,7,"Platanus x hispanica H500-550/B500-550",BPJ,Q12,
600155,8,"Platanus x hispanica H500-550/B500-550",BPJ,Q12,
600155,13,"Platanus x hispanica H250-300/B250-300",BPJ,Q15,
600155,9,"Platanus x hispanica H600-800/B500-600",BPJ,Q26,
600155,10,"Platanus x hispanica H500-700/B400-600",BPJ,Q29,
600156,1,"Platanus x hispanica H400-450/B350-400",BPJ,Q06,
600156,2,"Platanus x hispanica H450-500/B350-400",BPJ,Q06,
600156,3,"Platanus x hispanica H500-550/B300-350",BPJ,Q06,
600156,4,"Platanus x hispanica H450-500/B350-400",BPJ,Q06,
600156,5,"Platanus x hispanica H450-500/B350-400",BPJ,Q06,
600156,6,"Platanus x hispanica H450-500/B350-400",BPJ,Q06,
600156,7,"Platanus x hispanica H500-550/B300-350",BPJ,Q06,
600156,8,"Platanus x hispanica H450-500/B400-450",BPJ,Q06,
600157,2,"Parrotia persica H500-550/B400-450",BPJ,Q11,
600157,3,"Parrotia persica H300-350/B250-300",BPJ,Q13,
600157,4,"Parrotia persica H300-350/B250-300",BPJ,Q13,
600160,11,"Platanus x hispanica H500-700/B400-450",BPJ,Q03,
600160,22,"Platanus x hispanica H300-350/B200-250",BPJ,Q13,
600160,21,"Platanus x hispanica H300-350/B200-250",BPJ,Q14,
600160,1,"Platanus x hispanica H500-700/B400-600",BPJ,Q28,
600160,3,"Platanus x hispanica H500-700/B400-600",BPJ,Q29,
600160,4,"Platanus x hispanica H350-400/B250-300",BPJ,Q29,
600160,6,"Platanus x hispanica H350-400/B250-300",BPJ,Q29,
600160,7,"Platanus x hispanica H350-400/B250-300",BPJ,Q29,
600161,1,"Platanus x hispanica H300-350/B150-200",BPJ,Q10,
600161,2,"Platanus x hispanica H300-350/B150-200",BPJ,Q10,
600161,3,"Platanus x hispanica H500-600/B300-350",BPJ,Q29,
600161,4,"Platanus x hispanica H450-500/B300-350",BPJ,Q29,
600162,1,"Platanus x hispanica H600-650/B400-450",BPJ,Q06,
600162,3,"Platanus x hispanica H450-500/B450-500",BPJ,Q06,
600162,4,"Platanus x hispanica H400-500/B350-400",BPJ,Q09,
600163,3,"Platanus x hispanica H500-600/B400-500",BPJ,Q06,
600163,4,"Platanus x hispanica H550-600/B400-450",BPJ,Q06,
600163,6,"Platanus x hispanica H850-900/B350-400",BPJ,Q06,
600163,2,"Platanus x hispanica H600-650/B600-650",BPJ,Q12,
600163,7,"Platanus x hispanica H600-800/B200-300",BPJ,Q17,
600163,1,"Platanus x hispanica H500-700/B200-250",BPJ,Q18,
600163,8,"Platanus x hispanica H500-700/B400-500",BPJ,Q28,
600169,1,"Prunus avium 'Plena' H700-800/B300-400",BPJ,Q09,
600169,8,"Prunus avium 'Plena' H700-8001/B300-400",BPJ,Q09,
600169,2,"Prunus avium 'Plena' H700-800/B200-250",BPJ,Q11,
600169,3,"Prunus avium 'Plena' H700-800/B200-250",BPJ,Q11,
600169,4,"Prunus avium 'Plena' H700-800/B200-250",BPJ,Q11,
600169,5,"Prunus avium 'Plena' H700-800/B200-250",BPJ,Q12,
600169,6,"Prunus avium 'Plena' H700-800/B300-400",BPJ,Q13,
600170,1,"Prunus domestica H500-600/B500-600",BPJ,Q13,
600171,1,"Prunus subhirtella 'Pendula' H400-450/B400-450",BPJ,Q02,
600171,2,"Prunus subhirtella 'Pendula' H400-450/B400-450",BPJ,Q02,
600181,26,"Rhododendron catawb.'Cunninghams White' H300-350/B300-350",BPJ,Q05,
600181,7,"Rhododendron catawb.'Cunningham's White' H160-180/B160-180",BPJ,Q26,
600181,9,"Rhododendron catawb.'Cunningham's White' H275-300/B300-350",BPJ,Q26,
600181,13,"Rhododendron catawb.'Cunningham's White' H225-250/B250-300",BPJ,Q26,
600181,17,"Rhododendron catawb.'Cunningham's White' H300-350/B400-450",BPJ,Q26,
600181,18,"Rhododendron catawb.'Cunningham's White' H400-450/B500-600",BPJ,Q26,
600181,21,"Rhododendron catawb.'Dr.H.C.Dresselhuys' H250-300/B250-300",BPJ,Q26,
600181,22,"Rhododendron catawb.'Cunningham's White' H120-140/B180-200",BPJ,Q26,
600184,1,"Rhododendron 'Cunninghams White' H300-350/B300-350",BPJ,Q26,
600187,4,"Lagerstroemia indica H200-250/B100-150",BPJ,Q04,
600187,7,"Lagerstroemia indica H400-450/B225-250",BPJ,Q04,
600187,5,"Lagerstroemia indica H450-500/B250-300",BPJ,Q05,
600187,16,"Lagerstroemia indica 'Lila' H350-400/B250-300",BPJ,Q08,
600187,8,"Lagerstroemia indica H400-450/B225-250",BPJ,Q10,
600187,9,"Lagerstroemia indica H400-450/B225-250",BPJ,Q12,
600187,11,"Lagerstroemia indica 'Pink' H300-350/B200-300",BPJ,Q24,
600193,1,"Salix sepulcralis 'Chrysocoma' H900-1000/B700-800",BPJ,Q12,
600198,11,"Syringa vulgaris,weiss-blassrosa H250-300/B150-200 (Wildform,kleinblütig)",BPJ,Q26,
600203,1,"Sambucus nigra H450-500/B350-400",BPJ,Q01,
600205,1,"Tilia cordata H900-1000/B600-650",BPJ,Q07,
600207,2,"Tilia tomentosa H1000-1100/B400-500",BPJ,Q02,
600207,1,"Tilia tomentosa H500-700/B300-350",BPJ,Q15,
600213,1,"Wisteria sinensis 'Prolific' H150-200/B200-250",BPJ,Q01,
600213,2,"Wisteria sinensis 'Prolific' H200-250/B150-200",BPJ,Q01,
600213,3,"Wisteria sinensis 'Prolific' H200-250/B150-200",BPJ,Q01,
600213,4,"Wisteria sinensis 'Prolific' H200-250/B150-200",BPJ,Q01,
600213,11,"Wisteria sinensis 'Prolific' H300-350/B150-200",BPJ,Q01,
600213,12,"Wisteria sinensis 'Prolific' H300-350/B300-400",BPJ,Q01,
600213,16,"Wisteria sinensis 'Prolific' H300-350/B150-200",BPJ,Q01,
600213,17,"Wisteria sinensis 'Prolific' H150-200/B100-150",BPJ,Q01,
600213,19,"Wisteria sinensis 'Prolific' H200-250/B200-250",BPJ,Q01,
600213,20,"Wisteria sinensis 'Prolific' H200-250/B150-200",BPJ,Q01,
600213,22,"Wisteria sinensis 'Prolific' H300-350/B100-150",BPJ,Q01,
600213,23,"Wisteria sinensis 'Prolific' H200-250/B100-150",BPJ,Q01,
600213,24,"Wisteria sinensis 'Prolific' H150-200/B200-250",BPJ,Q01,
600213,26,"Wisteria sinensis 'Prolific' H100-150/B100-125",BPJ,Q01,
600213,28,"Wisteria sinensis 'Prolific' H200-250/B100-150",BPJ,Q01,
600213,29,"Wisteria sinensis 'Prolific' H150-200/B150-200",BPJ,Q01,
600213,32,"Wisteria sinensis 'Prolific' H200-250/B150-200",BPJ,Q01,
600213,33,"Wisteria sinensis 'Prolific' H150-200/B100-150",BPJ,Q01,
600213,34,"Wisteria sinensis 'Prolific' H150-200/B150-200",BPJ,Q01,
600213,35,"Wisteria sinensis 'Prolific' H200-250/B150-200",BPJ,Q01,
600213,37,"Wisteria sinensis 'Prolific' H80-100/B100-125",BPJ,Q01,
600213,38,"Wisteria sinensis 'Prolific' H150-200/B150-200",BPJ,Q01,
600214,1,"Wisteria sinensis 'Alba' H250-300/B150-200",BPJ,Q01,
600214,2,"Wisteria sinensis 'Alba' H150-200/B100-150",BPJ,Q01,
600214,3,"Wisteria sinensis 'Alba' H175-200/B100-150",BPJ,Q01,
600214,4,"Wisteria sinensis 'Alba' H250-300/B100-150",BPJ,Q01,
600214,5,"Wisteria sinensis 'Alba' H200-250/B80-100",BPJ,Q01,
600215,1,"Zelkova serrata H600-700/B400-600",BPJ,Q15,
600216,1,"Zelkova serrata H500-600/B500-600",BPJ,Q15,
600219,2,"Cedrus deodara 'Pendula' H600-700/B500-600",BPJ,Q24,
600219,1,"Cedrus deodara 'Pendula' H250-300/B80-100",BPJ,Q26,
600220,1,"Chamaecyparis obtusa 'Nana Gracilis' H500-600/B400-450",BPJ,Q14,
600220,2,"Chamaecyparis obtusa 'Nana Gracilis' H400-450/B400-450",BPJ,Q14,
600220,9,"Chamaecyparis obtusa 'Nana Gracilis' H350-400/B200-300",BPJ,Q15,
600220,10,"Chamaecyparis obtusa 'Nana Gracilis' H350-400/B200-300",BPJ,Q15,
600220,11,"Chamaecyparis obtusa 'Nana Gracilis' H350-400/B200-300",BPJ,Q15,
600220,4,"Chamaecyparis obtusa 'Nana Gracilis' H175-200/B250-300",BPJ,Q26,
600220,12,"Chamaecyparis obtusa 'Nana Gracilis' H175-200/B200-250",BPJ,Q26,
600222,1,"Cryptomeria japonica 'Globosa Nana' H200-250/B300-400",BPJ,Q30,
600222,2,"Cryptomeria japonica 'Globosa Nana' H200-250/B300-400",BPJ,Q30,
600228,3,"Juniperus media 'Hetzii' H400-450/B350-400",BPJ,Q15,
600228,1,"Juniperus media 'Hetzii' H400-450/B350-400",BPJ,Q21,
600228,2,"Juniperus media 'Hetzii' H400-450/B350-400",BPJ,Q21,
600228,10,"Juniperus media 'Hetzii' H400-450/B350-400",BPJ,Q22,
600228,5,"Juniperus media 'Hetzii' H400-450/B350-400",BPJ,Q23,
600228,6,"Juniperus media 'Hetzii' H350-400/B350-400",BPJ,Q24,
600229,1,"Juniperus chinensis 'Kaizuka' H200-250/B100-150",BPJ,Q26,
600229,2,"Juniperus chinensis 'Kaizuka' H200-250/B100-150",BPJ,Q26,
600229,3,"Juniperus chinensis 'Kaizuka' H200-250/B100-150",BPJ,Q26,
600231,2,"Larix decidua H800-900/B300-400",BPJ,Q01,
600231,3,"Larix decidua H800-900/B300-400",BPJ,Q01,
600231,1,"Larix decidua H800-850/B400-500",BPJ,Q02,
600231,4,"Larix decidua H800-1000/B300-400",BPJ,Q16,
600231,5,"Larix decidua H600-800/B300-400",BPJ,Q16,
600231,6,"Larix decidua H600-700/B250-300",BPJ,Q17,
600231,7,"Larix decidua H700-800/B300-400",BPJ,Q19,
600231,8,"Larix decidua H700-800/B400-500",BPJ,Q21,
600231,9,"Larix decidua H800-1000/B500-600",BPJ,Q23,
600231,10,"Larix decidua H800-1000/B400-500",BPJ,Q24,
600235,1,"Picea abies 'Nidiformis' H150-175/B200-250",BPJ,Q12,
600240,3,"Pinus cembra H350-400/B175-200",BPJ,Q01,
600240,4,"Pinus cembra H400-450/B150-175",BPJ,Q01,
600240,5,"Pinus cembra H450-500/B150-175",BPJ,Q01,
600240,6,"Pinus cembra H550-600/B175-200",BPJ,Q01,
600240,7,"Pinus cembra H500-550/B175-200",BPJ,Q01,
600240,8,"Pinus cembra H500-550/B175-200",BPJ,Q01,
600240,9,"Pinus cembra H500-550/B175-200",BPJ,Q01,
600240,10,"Pinus cembra H550-600/B175-200",BPJ,Q01,
600240,1,"Pinus cembra H500-600/B350-400",BPJ,Q20,
600240,2,"Pinus cembra H150-200/B100-150",BPJ,Q30,
600241,1,"Pinus banksiana H275-300/B250-300",BPJ,Q30,
600242,1,"Pinus densiflora H125-150/B125-150",BPJ,Q26,
600243,1,"Pinus leucodermis H700-900/B300-350",BPJ,Q30,
600245,2,"Pinus mugo H225-250/B150-200",BPJ,Q04,
600245,1,"Pinus mugo H250-300/B175-200",BPJ,Q16,
600246,2,"Pinus mugo ssp. Mughus H80-100/B150-200",BPJ,Q26,
600246,7,"Pinus mugo ssp. Mughus H100-150/B150-200",BPJ,Q26,
600246,8,"Pinus mugo ssp. Mughus H80-100/B100-150",BPJ,Q26,
600246,10,"Pinus mugo ssp. Mughus H80-100/B100-150",BPJ,Q26,
600246,11,"Pinus mugo ssp. Mughus H100-150/B100-150",BPJ,Q26,
600246,12,"Pinus mugo ssp. Mughus H80-100/B150-200",BPJ,Q26,
600246,1,"Pinus mugo ssp. Mughus H200-250/B150-175",BPJ,Q30,
600246,13,"Pinus mugo ssp. Mughus H200-250/B350-400",BPJ,Q30,
600246,14,"Pinus mugo ssp. Mughus H250-300/B250-300",BPJ,Q30,
600247,8,"Pinus nigra ssp. nigra H350-400/B300-350",BPJ,Q12,
600247,9,"Pinus nigra ssp. nigra H500-600/B200-300",BPJ,Q15,
600247,2,"Pinus nigra ssp. nigra H350-400/B300-400",BPJ,Q23,
600247,5,"Pinus nigra ssp. nigra H450-500/B300-350",BPJ,Q24,
600247,7,"Pinus nigra ssp. nigra H225-250/B200-250",BPJ,Q26,
600249,14,"Pinus parviflora 'Negishi' H350-400/B250-300",BPJ,Q01,
600249,2,"Pinus parviflora 'Negishi' H200-250/B250-300",BPJ,Q26,
600249,5,"Pinus parviflora 'Negishi' H250-275/B250-300",BPJ,Q26,
600249,6,"Pinus parviflora 'Negishi' H250-275/B250-300",BPJ,Q26,
600249,8,"Pinus parviflora 'Negishi' H250-275/B250-300",BPJ,Q26,
600249,10,"Pinus parviflora 'Negishi' H300-350/B200-250",BPJ,Q26,
600249,11,"Pinus parviflora 'Negishi' H300-350/B200-250",BPJ,Q26,
600250,1,"Pinus strobus H500-600/B300-400",BPJ,Q26,
600250,2,"Pinus strobus H225-250/B200-250",BPJ,Q26,
600251,7,"Pinus sylvestris H500-600/B600-700",BPJ,Q01,
600251,17,"Pinus sylvestris H400-500/B400-500",BPJ,Q04,
600251,9,"Pinus sylvestris H700-800/B500-600",BPJ,Q06,
600251,10,"Pinus sylvestris H500-600/B300-400",BPJ,Q06,
600251,24,"Pinus sylvestris H600-700/B300-400",BPJ,Q06,
600251,29,"Pinus sylvestris H900-1000/B500-600",BPJ,Q07,
600251,11,"Pinus sylvestris H550-600/B700-750",BPJ,Q08,
600251,19,"Pinus sylvestris H400-500/B300-400",BPJ,Q08,
600251,30,"Pinus sylvestris H500-600/B700-800",BPJ,Q10,
600251,12,"Pinus sylvestris H400-450/B250-300",BPJ,Q11,
600251,13,"Pinus sylvestris H400-450/B400-450",BPJ,Q11,
600251,14,"Pinus sylvestris H450-500/B350-400",BPJ,Q11,
600251,2,"Pinus sylvestris H400-450/B200-300",BPJ,Q15,
600251,16,"Pinus sylvestris H200-250/B250-300",BPJ,Q15,
600251,31,"Pinus sylvestris H800-900/B600-700",BPJ,Q15,
600251,3,"Pinus sylvestris H450-500/B600-700",BPJ,Q16,
600251,6,"Pinus sylvestris H200-250/B200-250",BPJ,Q16,
600251,33,"Pinus sylvestris H450-500/B350-400",BPJ,Q23,
600251,15,"Pinus sylvestris H200-250/B250-300",BPJ,Q26,
600251,35,"Pinus sylvestris H500-600/B500-600",BPJ,Q26,
600254,1,"Pinus sylvestris 'Pendula' H350-400/B500-600",BPJ,Q22,
600255,1,"Pinus sylvestris 'Watereri' H200-225/B200-250",BPJ,Q03,
600255,26,"Pinus sylvestris watereri H300-325/B325-350",BPJ,Q13,
600255,27,"Pinus sylvestris watereri H300-325/B350-375",BPJ,Q14,
600255,15,"Pinus sylvestris 'Watereri' H200-225/B200-250",BPJ,Q15,
600255,4,"Pinus sylvestris 'Watereri' H150-175/B150-200",BPJ,Q26,
600255,5,"Pinus sylvestris 'Watereri' H225-250/B200-250",BPJ,Q26,
600255,6,"Pinus sylvestris 'Watereri' H225-250/B200-250",BPJ,Q26,
600255,7,"Pinus sylvestris 'Watereri' H100-150/B100-125",BPJ,Q26,
600255,8,"Pinus sylvestris 'Watereri' H100-150/B150-175",BPJ,Q26,
600255,9,"Pinus sylvestris 'Watereri' H100-150/B150-175",BPJ,Q26,
600255,10,"Pinus sylvestris 'Watereri' H100-150/B150-175",BPJ,Q26,
600255,16,"Pinus sylvestris 'Watereri' H200-250/B150-200",BPJ,Q26,
600255,25,"Pinus sylvestris watereri H300-350/B325-350",BPJ,Q26,
600257,1,"Sequoiadendron giganteum H200-300/B150-200",BPJ,Q26,
600258,2,"Taxodium distichum 'Pendulum' H700-800/B300-400",BPJ,Q01,
600258,3,"Taxodium distichum 'Pendulum' H700-800/B300-400",BPJ,Q01,
600258,4,"Taxodium distichum 'Pendulum' H600-650/B250-300",BPJ,Q05,
600258,1,"Taxodium distichum H500-600/B250-300",BPJ,Q30,
600261,2,"Taxus baccata H700-800/B500-600",BPJ,Q01,
600261,4,"Taxus baccata H550-600/B400-450",BPJ,Q05,
600261,5,"Taxus baccata H250-300/B150-200",BPJ,Q30,
600261,6,"Taxus baccata H250-300/B200-250",BPJ,Q30,
600261,7,"Taxus baccata H250-300/B150-200",BPJ,Q30,
600262,24,"Taxus baccata H450-500/B400-450",BPJ,Q03,
600262,22,"Taxus baccata H250-300/B250-300",BPJ,Q08,
600262,1,"Taxus baccata H350-400/B350-400",BPJ,Q13,
600262,3,"Taxus baccata H300-350/B300-350",BPJ,Q14,
600262,4,"Taxus baccata H400-500/B350-400",BPJ,Q16,
600262,6,"Taxus baccata H150-200/B350-400",BPJ,Q19,
600262,7,"Taxus baccata H400-500/B300-400",BPJ,Q24,
600262,15,"Taxus baccata H200-250/B150-200",BPJ,Q26,
600262,8,"Taxus baccata H200-250/B175-200",BPJ,Q30,
600262,11,"Taxus baccata H200-225/B150-175",BPJ,Q30,
600262,12,"Taxus baccata H450-500/B350-400",BPJ,Q30,
600262,18,"Taxus baccata H200-250/B150-200",BPJ,Q30,
600263,2,"Taxus baccata H500-700/B400-600",BPJ,Q30,
600263,3,"Taxus baccata H700-900/B600-800",BPJ,Q30,
600266,1,"Thuja occidentalis 'Smaragd' H175-200/B70-80",BPJ,Q03,
600266,2,"Thuja occidentalis 'Smaragd' H200-225/B70-80",BPJ,Q03,
600267,2,"Thuja plicata 'Excelsa' H500-600/B200-300",BPJ,Q31,
600267,3,"Thuja plicata 'Excelsa' H500-600/B200-300",BPJ,Q31,
600267,4,"Thuja plicata 'Excelsa' H500-600/B200-300",BPJ,Q31,
600268,1,"Tsuga canadensis H700-800/B350-400",BPJ,Q30,
600269,1,"Tsuga canadensis 'Pendula' H225-250/B200-225",BPJ,Q12,
600270,1,"Buxus sempervirens H400-500/B300-400",BPJ,Q17,
600271,3,"Enkianthus perulatus H150-175/B150-200",BPJ,Q02,
600271,9,"Enkianthus perulatus H150-175/B150-200",BPJ,Q02,
600271,6,"Enkianthus perulatus H150-200/B200-250",BPJ,Q03,
600271,7,"Enkianthus perulatus H100-150/B150-200",BPJ,Q03,
600271,15,"Enkianthus perulatus H100-150/B150-200",BPJ,Q11,
600271,10,"Enkianthus perulatus H150-175/B200-250",BPJ,Q13,
600271,11,"Enkianthus perulatus H150-175/B200-250",BPJ,Q13,
600271,12,"Enkianthus perulatus H150-175/B200-250",BPJ,Q13,
600271,13,"Enkianthus perulatus H100-150/B100-150",BPJ,Q16,
600272,4,"Enkianthus perulatus H175-200/B100-150",BPJ,Q01,
600272,5,"Enkianthus perulatus H250-300/B150-200",BPJ,Q01,
600273,1,"Ilex crenata H125-150",BPJ,Q26,
600275,2,"Pinus sylvestris H200-250/B200-250",BPJ,Q26,
600275,3,"Pinus sylvestris H200-250/B150-200",BPJ,Q26,"/uploads/1727871098532.jpg,/uploads/1727871105225.jpg,/uploads/1727871106123.jpg,/uploads/1727871107231.jpg"
600275,5,"Pinus sylvestris H250-300/B200-250",BPJ,Q26,
600276,1,"Pinus nigra H450-500/B500-550",BPJ,Q09,
600276,3,"Pinus nigra H350-400/B250-300",BPJ,Q11,
600276,4,"Pinus nigra H500-600/B400-500",BPJ,Q26,
600276,5,"Pinus nigra H500-600/B400-500",BPJ,Q26,
600276,6,"Pinus nigra H600-700/B400-500",BPJ,Q31,
600277,2,"Taxus baccata H200-225/B100-125",BPJ,Q30,
600277,3,"Taxus baccata H200-225/B100-125",BPJ,Q30,
600277,4,"Taxus baccata H200-225/B125-150",BPJ,Q30,
600277,5,"Taxus baccata H225-250/B100-125",BPJ,Q30,
600277,8,"Taxus baccata H150-175/B70-80",BPJ,Q30,
600277,9,"Taxus baccata H200-225/B125-150",BPJ,Q30,
600277,10,"Taxus baccata H300-350/B275-300",BPJ,Q30,
600277,11,"Taxus baccata H300-350/B275-300",BPJ,Q30,
600277,13,"Taxus baccata H300-350/B150-175",BPJ,Q30,
600277,15,"Taxus baccata H175-200/B150-200",BPJ,Q30,
600277,17,"Taxus baccata H200-225/B100-150",BPJ,Q30,
600277,18,"Taxus baccata H275-300/B125-150",BPJ,Q30,
600277,19,"Taxus baccata H275-300/B125-150",BPJ,Q30,
600277,20,"Taxus baccata H150-175/B70-80",BPJ,Q30,
600277,21,"Taxus baccata H350-400/B275-300",BPJ,Q30,
600277,22,"Taxus baccata H350-400/B275-300",BPJ,Q30,
600277,23,"Taxus baccata H60-70/B125-150",BPJ,Q30,
600277,24,"Taxus baccata H175-200/B150-200",BPJ,Q30,
600277,27,"Taxus baccata H200-250/B100-150",BPJ,Q30,
600277,29,"Taxus baccata H200-225/B100-125",BPJ,Q30,
600278,3,"Taxus cuspidata H150-175/B200-250",BPJ,Q26,
600278,6,"Taxus cuspidata H200-250/B200-250",BPJ,Q26,
600278,7,"Taxus cuspidata H250-275/B200-250",BPJ,Q26,
600278,8,"Taxus cuspidata H150-175/B200-250",BPJ,Q26,
600279,1,"Taxus cuspidata H175-200",BPJ,Q30,
600280,1,"Brahea armata H150-175/B175-200",BPJ,Q33,
600281,1,"Butia capitata H300-350/B300-350",BPJ,Q33,
600281,2,"Butia capitata H400-450/B250-300",BPJ,Q33,
600281,3,"Butia capitata H500-600/B350-400",BPJ,Q33,
600281,4,"Butia capitata H350-400/B300-350",BPJ,Q33,
600282,1,"Citrus x limon H200-250/B200-250",BPJ,Q33,
600282,2,"Citrus x limon H200-225/B150-200",BPJ,Q33,
600283,1,"Citrus sinensis H350-400/B300-350",BPJ,Q33,
600283,2,"Citrus sinensis H200-225/B150-175",BPJ,Q33,
600283,3,"Citrus sinensis H300-350/B300-350",BPJ,Q33,
600284,1,"Chamaerops humilis H150-200/B200-250",BPJ,Q33,
600284,2,"Chamaerops humilis H300-350/B200-250",BPJ,Q33,
600284,3,"Chamaerops humilis H300-350/B200-250",BPJ,Q33,
600286,1,"Camelia japonica, magenta,eifach H150-200/B150-200",BPJ,Q33,
600286,2,"Camelia japonica, rosarot,gefüllt H150-200/B150-200",BPJ,Q33,
600286,3,"Camelia japonica, dunkelrosa, gefüllt H250-300/B250-300",BPJ,Q33,
600287,1,"Cycas revoluta H200-250/B150-200",BPJ,Q33,
600287,2,"Cycas revoluta H150-175/B150-175",BPJ,Q33,
600287,3,"Cycas revoluta H175-200/B175-200",BPJ,Q33,
600287,4,"Cycas revoluta H300-350/B200-250",BPJ,Q33,
600287,5,"Cycas revoluta H125-150/B150-175",BPJ,Q33,
600287,6,"Cycas revoluta H150-175/B175-200",BPJ,Q33,
600287,7,"Cycas revoluta H125-150/B175-200",BPJ,Q33,
600287,8,"Cycas revoluta H200-225/B175-200",BPJ,Q33,
600287,9,"Cycas revoluta H125-150/B175-200",BPJ,Q33,
600287,10,"Cycas revoluta H100-125/B150-175",BPJ,Q33,
600290,1,"Eriobotrya japonica H250-300/B250-300",BPJ,Q33,
600291,1,"Ficus binnendijkii ‚Alii‘ H400-450/B400-450",BPJ,Q33,
600293,1,"Laurus nobilis H350-400/B250-300",BPJ,Q33,
600293,2,"Laurus nobilis H200-250/B150-200",BPJ,Q33,
600293,3,"Laurus nobilis H250-300/B250-300",BPJ,Q33,
600294,1,"Olea europaea H250-300/B150-200",BPJ,Q33,
600294,2,"Olea europaea H300-350/B250-300",BPJ,Q33,
600294,3,"Olea europaea H250-300/B200-250",BPJ,Q33,
600294,4,"Olea europaea H100-150/B100-150",BPJ,Q33,
600294,5,"Olea europaea H350-400/B350-400",BPJ,Q33,
600294,6,"Olea europaea H300-350/B350-400",BPJ,Q33,
600294,7,"Olea europaea H300-350/B250-300",BPJ,Q33,
600294,8,"Olea europaea H300-350/B350-400",BPJ,Q33,
600296,1,"Phoenix canariensis H200-225/B200-225",BPJ,Q33,
600296,2,"Phoenix canariensis H300-350/B300-350",BPJ,Q33,
600296,3,"Phoenix canariensis H300-350/B300-350",BPJ,Q33,
600297,1,"Punica granatum H300-350/B300-350",BPJ,Q33,
600297,2,"Punica granatum H300-350/B300-350",BPJ,Q33,
600297,3,"Punica granatum H250-300/B250-300",BPJ,Q33,
600297,4,"Punica granatum H250-300/B250-300",BPJ,Q33,
600298,1,"Quercus ilex H350-400/B300-400",BPJ,Q30,
600299,1,"Quercus suber H900-1000/B600-700",BPJ,Q02,
600300,1,"Quercus suber H700-800/B400-500",BPJ,Q01,
600300,2,"Quercus suber H600-700/B400-500",BPJ,Q01,
600300,3,"Quercus suber H700-800/B500-600",BPJ,Q01,
600302,1,"Trachycarpus fortunei H350-400/B250-300",BPJ,Q33,
600302,2,"Trachycarpus fortunei H350-400/B250-300",BPJ,Q33,
600305,2,"Malus domestica 'Golden Delicious' H200-250/B100-125",BPJ,Q01,
600305,4,"Malus domestica H200-250/B100-125",BPJ,Q01,
600305,5,"Malus domestica H100-150/B100-125",BPJ,Q01,
600305,9,"Malus domestica H150-200/B150-200",BPJ,Q01,
600305,10,"Malus domestica H300-350/B350-400",BPJ,Q01,
600305,14,"Malus domestica 'Renette d'Canada' H200/B200",BPJ,Q01,
600305,15,"Malus domestica 'Renette d'Canada' H200/B200",BPJ,Q01,
600305,16,"Malus domestica 'Renette d'Canada' H200/B200",BPJ,Q01,
600305,17,"Malus domestica 'Elstar' H200/B200",BPJ,Q01,
600307,4,"Pyrus communis 'Blanquilla' H200/B200",BPJ,Q01,
600307,7,"Pyrus communis 'Bonne Louise' H200/B200",BPJ,Q01,
600307,8,"Pyrus communis 'Comice', doppel U H175-200",BPJ,Q01,
600307,9,"Pyrus communis 'Comice', doppel U H175-200",BPJ,Q01,
600307,10,"Pyrus communis 'Comice', doppel U H175-200",BPJ,Q01,
600307,3,"Pyrus communis H400-450/B250-300",BPJ,Q05,
600308,1,"Pyrus calleryana 'Chanticleer' H900-1000/B400-450",BPJ,Q03,
600309,1,"Pyrus communis 'Doyenné du Comice' H300-350/B250-300",BPJ,Q01,
600309,2,"Pyrus communis 'Doyenné du Comice' H300-350/B250-300",BPJ,Q01,
600309,3,"Pyrus communis 'Doyenné du Comice' H300-350/B250-300",BPJ,Q08,
600311,1,"Cydonia oblonga' KonstantinoplerApelquit H250-300/B400-450",BPJ,Q05,
600315,1,"Wisteria sinensis 'Rosea' H150-200/B200-250",BPJ,Q01,
600315,2,"Wisteria sinensis 'Rosea' H250-300/B150-200",BPJ,Q01,
600315,3,"Wisteria sinensis 'Rosea' H250-300/B150-200",BPJ,Q01,
600315,4,"Wisteria sinensis 'Rosea' H150-200/B150-200",BPJ,Q01,
600315,5,"Wisteria sinensis 'Rosea' H250-300/B150-200",BPJ,Q01,
600315,6,"Wisteria sinensis 'Rosea' H200-250/B150-200",BPJ,Q01,
600315,7,"Wisteria sinensis 'Rosea' H200-250/B200-250",BPJ,Q01,
600315,8,"Wisteria sinensis 'Rosea' H150-200/B100-150",BPJ,Q01,
600315,9,"Wisteria sinensis 'Rosea' H200-250/B200-250",BPJ,Q01,
600315,10,"Wisteria sinensis 'Rosea' H400-450/B350-400",BPJ,Q01,
600317,1,"Campsis radicans H150-200/B250-300",BPJ,Q01,
600317,3,"Campsis radicans H200-250/B250-300",BPJ,Q01,
600317,5,"Campsis radicans H150-200/B100-150",BPJ,Q01,
600334,1,"Fagus sylvatica H1100-1200/B700-800",BPJ,Q01,
600334,2,"Fagus sylvatica H1000-1100/B600-700",BPJ,Q01,
600350,1,"Hydrangea anomala ssp. petiolaris H175-200/B150-200",BPJ,Q01,
600350,2,"Hydrangea anomala ssp. petiolaris H175-200/B150-200",BPJ,Q01,
600350,4,"Hydrangea anomala ssp. petiolaris H80-100/B100-150",BPJ,Q01,
600350,5,"Hydrangea anomala ssp. petiolaris H200-250/B150-200",BPJ,Q01,
600350,6,"Hydrangea anomala ssp. petiolaris H80-100/B150-200",BPJ,Q01,
600350,7,"Hydrangea anomala ssp. petiolaris H150-200/B100-150",BPJ,Q01,
600350,8,"Hydrangea anomala ssp. petiolaris H80-100/B100-150",BPJ,Q01,
600350,9,"Hydrangea anomala ssp. petiolaris H100-150/B150-200",BPJ,Q08,
600383,12,"Sorbus aucuparia H300-350/B200-250",BPJ,Q03,
600383,13,"Sorbus aucuparia H400-450/B250-300",BPJ,Q03,
600383,6,"Sorbus aucuparia H300-350/B200-250",BPJ,Q04,
600383,8,"Sorbus aucuparia H450-500/B250-300",BPJ,Q04,
600383,3,"Sorbus aucuparia H300-350/B200-250",BPJ,Q05,
600383,4,"Sorbus aucuparia H300-350/B200-250",BPJ,Q05,
600383,9,"Sorbus aucuparia H300-350/B200-250",BPJ,Q06,
600383,10,"Sorbus aucuparia H400-450/B250-300",BPJ,Q06,
600383,16,"Sorbus aucuparia H450-500/B250-300",BPJ,Q07,
600383,2,"Sorbus aucuparia H350-400/B200-250",BPJ,Q09,
600389,1,"Prunus lusitanica H400-500/B400-500",BPJ,Q15,
600404,1,"Taxus x media 'Hillii' H200-225/B150-175",BPJ,Q30,
600405,1,"Taxus x media 'Hicksii' H200-250/B100-150",BPJ,Q30,
600414,1,"Rhododendron yakushimanum 'Morgenrot' H100-150/B200-250",BPJ,Q26,
600425,1,"Bougainvillea glabra H150-175/B125-150",BPJ,Q33,
600425,2,"Bougainvillea glabra H125-150/B125-150",BPJ,Q33,
600425,3,"Bougainvillea glabra H250-300/B150-175",BPJ,Q33,
600425,4,"Bougainvillea glabra H150-175/B200-250",BPJ,Q33,
600428,1,"Buxus sempervirens H150-175/B100-125",BPJ,Q16,
600428,2,"Buxus sempervirens H150-175/B100-125",BPJ,Q16,
600429,1,"Taxus baccata H200-250/B250-300",BPJ,Q30,
600760,1,"Pinus nigra H50-80/B50-60",BPJ,Q26,
600762,1,"Ulmus parviflora 'Kings Choice' H300-350/B200-250",BPJ,Q26,
600799,2,"Pinus mugo ssp. Mughus H200-250/B150-200",BPJ,Q26,
600802,1,"Hydrangea paniculata 'Limelight' H150-200/B150-200",BPJ,Q01,
600802,2,"Hydrangea paniculata 'Limelight' H150-200/B150-200",BPJ,Q01,
600802,3,"Hydrangea paniculata 'Limelight' H150-200/B150-200",BPJ,Q01,
600802,4,"Hydrangea paniculata 'Limelight' H150-200/B150-200",BPJ,Q01,
600802,5,"Hydrangea paniculata 'Limelight' H150-200/B150-200",BPJ,Q01,
600802,6,"Hydrangea paniculata 'Limelight' H150-200/B150-200",BPJ,Q01,
600802,7,"Hydrangea paniculata 'Limelight' H150-200/B150-200",BPJ,Q01,
600802,8,"Hydrangea paniculata 'Limelight' H150-200/B150-200",BPJ,Q01,
600802,9,"Hydrangea paniculata 'Limelight' H150-200/B150-200",BPJ,Q01,
600802,10,"Hydrangea paniculata 'Limelight' H150-200/B150-200",BPJ,Q01,
600802,11,"Hydrangea paniculata 'Limelight' H150-200/B150-200",BPJ,Q01,
600802,12,"Hydrangea paniculata 'Limelight' H150-200/B150-200",BPJ,Q01,
600802,13,"Hydrangea paniculata 'Limelight' H150-200/B150-200",BPJ,Q01,
600813,1,"Juniperus squamata 'Meyeri' H150-200/B300-350",BPJ,Q23,
600827,1,"Tilia europaea 'Euchlora' H500-700/B250-300",BPJ,Q24,
600827,2,"Tilia europaea 'Euchlora' H500-700/B300-400",BPJ,Q24,
600828,1,"Celtis australis H1000-1200/B700-800",BPJ,Q04,
600839,1,"Olea europaea H300-350/B250-300",BPJ,Q33,
600839,2,"Olea europaea H300-350/B350-400",BPJ,Q33,
600839,3,"Olea europaea H300-350/B250-300",BPJ,Q33,
600842,1,"Acer campestre H350-400/B350-400",BPJ,Q02,
600842,2,"Acer campestre H350-400/B350-400",BPJ,Q02,
600842,3,"Acer campestre H350-400/B350-400",BPJ,Q02,
600847,1,"Cornus florida H500-550/B350-400",BPJ,Q11,
600878,1,"Ulmus minor 'Jaqueline Hillier' H350-400/B350-400",BPJ,Q24,
600878,2,"Ulmus minor 'Jaqueline Hillier' H125-150/B150-170",BPJ,Q26,/uploads/1727870509849.jpg
600880,3,"Carpinus betulus H400-450/B150-200",BPJ,Q05,
600880,4,"Carpinus betulus H400-450/B400-450",BPJ,Q06,
600880,9,"Carpinus betulus H250-300/B80-100",BPJ,Q06,
600880,6,"Carpinus betulus H500-600/B200-250",BPJ,Q15,
600880,7,"Carpinus betulus H500-600/B300-400",BPJ,Q15,
600880,8,"Carpinus betulus H500-600/B300-400",BPJ,Q15,
600880,1,"Carpinus betulus H125-150/B150-200",BPJ,Q24,
600880,2,"Carpinus betulus H300-325/B150-170",BPJ,Q30,
600880,5,"Carpinus betulus H350-400/B100-150",BPJ,Q31,
600882,5,"Prunus avium 'Van' H200/B200",BPJ,Q01,
600882,10,"Prunus avium 'Montmorency' H200/B200",BPJ,Q01,
600882,11,"Prunus avium 'Montmorency' H200/B200",BPJ,Q01,
600883,1,"Prunus domestica 'Mirabelle de Nancy' H200/B200",BPJ,Q01,
600883,2,"Prunus domestica 'Mirabelle de Nancy' H200/B200",BPJ,Q01,
600883,3,"Prunus domestica 'Mirabelle de Nancy' H200/B200",BPJ,Q01,
600883,6,"Prunus domestica 'Grossa di Felisio' H200/B200",BPJ,Q01,
600883,7,"Prunus domestica 'Grossa di Felisio' H200/B200",BPJ,Q01,
600883,9,"Prunus domestica 'President' H200/B200",BPJ,Q01,
600883,10,"Prunus domestica 'Golden Japan' H200/B200",BPJ,Q01,
600883,11,"Prunus domestica 'Stanley Pulm' H200/B200",BPJ,Q01,
600887,7,"Acer palmatum 'Sazanami' H300-350/B200-250",BPJ,Q29,
600889,1,"Tillia platyphyllos H250-300/B250-300",BPJ,Q01,
600889,2,"Tillia platyphyllos H250-300/B250-300",BPJ,Q01,
600889,3,"Tillia platyphyllos H250-300/B250-300",BPJ,Q01,
600889,4,"Tillia platyphyllos H250-300/B250-300",BPJ,Q01,
600889,5,"Tillia platyphyllos H250-300/B250-300",BPJ,Q01,
600889,6,"Tillia platyphyllos H250-300/B250-300",BPJ,Q01,
600889,7,"Tillia platyphyllos H250-300/B250-300",BPJ,Q01,
600889,8,"Tillia platyphyllos H150-200/B150-200",BPJ,Q01,
600890,1,"Fagus sylvatica H300-350/B150-200",BPJ,Q01,
600890,2,"Fagus sylvatica H300-350/B150-200",BPJ,Q01,
600891,1,"Thujopsis dolabrata 'Nana' H900-1000/B500-600",BPJ,Q01,
600892,1,"Actinidia deliciosa H150-200/B150-200",BPJ,Q01,
600893,1,"Azalea pontica H250-300/350-400",BPJ,Q05,
600893,2,"Azalea-sommergrün, Farbe unbekannt H250-300/B200-250",BPJ,Q05,
600893,3,"Azalea-sommergrün, Farbe unbekannt H200-250/B200-250",BPJ,Q05,
600893,4,"Azalea Knapp-Hill 'Fanal' H200-250/B200-250",BPJ,Q07,
600893,6,"Azalea pontica H200-250/B250-300",BPJ,Q12,
600893,7,"Azalea-sommergrün, Farbe unbekannt H250-300/B200-250",BPJ,Q12,
600893,8,"Azalea-sommergrün, Farbe unbekannt H250-300/B250-300",BPJ,Q15,
600894,1,"Pinus wallichiana H100-150/B100-150",BPJ,Q26,
600896,3,"Acer palmatum 'Masu Kagami' H450-500/B450-500",BPJ,Q03,
600896,5,"Acer palmatum 'Masu Kagami' H500-550/B400-450",BPJ,Q04,
600896,2,"Acer palmatum 'Masu Kagami' H450-500/B350-400",BPJ,Q07,
600896,4,"Acer palmatum 'Masu Kagami' H300-350/B350-400",BPJ,Q08,
600896,1,"Acer palmatum 'Masu Kagami' H400-500/B300-400",BPJ,Q11,
600897,1,"Pinus densiflora 'Pumila' H225-250/B200-250",BPJ,Q11,
600897,5,"Pinus densiflora 'Pumila' H275-300/B250-300",BPJ,Q15,
600897,9,"Pinus densiflora 'Pumila' H250-300/B200-250",BPJ,Q15,
600897,10,"Pinus densiflora 'Pumila' H200-225/B200-250",BPJ,Q19,
600897,12,"Pinus densiflora 'Pumila' H175-200/B200-250",BPJ,Q26,
600897,14,"Pinus densiflora 'Pumila' H200-225/B200-250",BPJ,Q26,
600897,17,"Pinus densiflora 'Pumila' H150-200/B150-200",BPJ,Q26,
600898,1,"Taxus baccata 'Osterberg' H200-225/B150-200",BPJ,Q26,
600898,4,"Taxus baccata 'Osterberg' H200-225/B150-200",BPJ,Q26,
600900,1,"Ilex cornuta H175-200/B250-300",BPJ,Q15,
600901,5,"Pinus sylvestris H450-500/B450-500",BPJ,Q03,
600901,6,"Pinus sylvestris H550-600/B450-500",BPJ,Q03,
600901,7,"Pinus sylvestris H500-550/B450-500",BPJ,Q04,
600901,9,"Pinus sylvestris H500-550/B400-450",BPJ,Q11,
600901,10,"Pinus sylvestris H500-550/B400-450",BPJ,Q13,
600901,11,"Pinus sylvestris H550-600/B450-500",BPJ,Q13,
600901,12,"Pinus sylvestris H550-600/B450-500",BPJ,Q15,
600901,13,"Pinus sylvestris H550-600/B450-500",BPJ,Q22,
600901,2,"Pinus sylvestris H700-750/B450-500",BPJ,Q24,
600901,19,"Pinus sylvestris H450-500/B350-400",BPJ,Q26,
600903,1,"Malus domestica 'Rheinischer Bohnapfel' H500-600/B350-400",BPJ,Q13,
600904,1,"Pyrus communis 'Köstliche von Charneux' H500-600/B400-500",BPJ,Q09,
600905,2,"Magnolia loebneri 'Merril' H450-500/B400-450",BPJ,Q14,
600906,1,"Magnolia x soulangiana 'Alba' H200-250/B250-300",BPJ,Q02,
600908,1,"Acer palmatum '9001' H150-175/B100-125",BPJ,Q27,
600910,1,"Chamaecyparis obtusa 'Graciosa' H250-275/B100-150",BPJ,Q30,
600910,2,"Chamaecyparis obtusa 'Graciosa' H250-275/B100-150",BPJ,Q30,
600911,2,"Taxus x media ‘Hicksii’ H200-250/B150-200",BPJ,Q26,
600911,3,"Taxus x media ‘Hicksii’ H200-250/B100-150",BPJ,Q30,
600911,5,"Taxus x media ‘Hicksii’ H150-175/B125-150",BPJ,Q30,
600912,1,"Prunus avium H500-600/B500-600",BPJ,Q16,
600913,1,"Pyrus pyrifolia 'Hosui' H200/B200",BPJ,Q01,
600913,2,"Pyrus pyrifolia 'Hosui' H200/B200",BPJ,Q01,
600914,1,"Diospyros lotus 'Sharon' H200/B200",BPJ,Q01,
600914,2,"Diospyros lotus 'Sharon' H200/B200",BPJ,Q01,
600915,1,"Prunus cerasifera H350-400/B200-300",BPJ,Q02,
600916,2,"Acer palmatum 'Tsukasa Silhouette' H300-350/B150-200",BPJ,Q29,
600926,2,"Acer palmatum 'Boskoop Glory' H300-350/B200-250",BPJ,Q09,
600926,1,"Acer palmatum 'Boskoop Glory' H300-350/B200-250",BPJ,Q13,
600927,1,"Acer palmatum 'Tana' H350-400/B250-300",BPJ,Q14,
600928,1,"Edgeworthia chrysantha H200-250/B250-300",BPJ,Q33,
600929,1,"Ficus retusa-Bonsai H80-100/B60-80",BPJ,Q33,
600929,2,"Ficus retusa-Bonsai H100-125/B80-100",BPJ,Q33,
600929,3,"Ficus retusa-Bonsai H150-175/B125-150",BPJ,Q33,
600929,4,"Ficus retusa-Bonsai H60-80/B60-80",BPJ,Q33,
600929,5,"Ficus retusa-Bonsai H175-200/B150-175",BPJ,Q33,
600929,6,"Ficus retusa-Bonsai H100-125/B80-100",BPJ,Q33,
600930,1,"Beaucarnea recurvata H300-350/B150-175",BPJ,Q33,
600933,1,"Acer palmatum 'Hoshi Kuzu' H300-350/B200-250",BPJ,Q08,
